{
    "metrics": {
        "http_req_duration": {
            "min": 187.0016,
            "med": 469.999,
            "max": 1546.4868,
            "p(90)": 830.5479799999999,
            "p(95)": 939.2959749999999,
            "avg": 539.0830813066677
        },
        "http_req_sending": {
            "avg": 0.35687354666666615,
            "min": 0,
            "med": 0,
            "max": 27.0004,
            "p(90)": 1.0027,
            "p(95)": 1.0106
        },
        "vus_max": {
            "value": 3750,
            "min": 3750,
            "max": 3750
        },
        "http_req_tls_handshaking": {
            "avg": 471.39153781333323,
            "min": 210.5288,
            "med": 399.55089999999996,
            "max": 1084.5612,
            "p(90)": 766.55047,
            "p(95)": 820.1060549999997
        },
        "http_req_receiving": {
            "min": 0,
            "med": 1.0031,
            "max": 61.5424,
            "p(90)": 3.0151,
            "p(95)": 4.989865,
            "avg": 1.5902496266666644
        },
        "checks": {
            "fails": 45000,
            "passes": 3750,
            "value": 0.07692307692307693
        },
        "iterations": {
            "rate": 1263.8312427373937,
            "count": 3750
        },
        "http_req_connecting": {
            "med": 212.52865,
            "max": 249.5265,
            "p(90)": 228.52863000000002,
            "p(95)": 232.0116,
            "avg": 214.03025354666534,
            "min": 40.0002
        },
        "iteration_duration": {
            "max": 2924.5713,
            "p(90)": 2453.36014,
            "p(95)": 2565.1804850000003,
            "avg": 2225.9576126933266,
            "min": 1508.8514,
            "med": 2262.2140499999996
        },
        "http_req_duration{expected_response:true}": {
            "p(95)": 939.2959749999999,
            "avg": 539.0830813066677,
            "min": 187.0016,
            "med": 469.999,
            "max": 1546.4868,
            "p(90)": 830.5479799999999
        },
        "vus": {
            "value": 3377,
            "min": 2485,
            "max": 3750
        },
        "http_req_failed": {
            "passes": 0,
            "fails": 3750,
            "value": 0
        },
        "data_received": {
            "count": 30729431,
            "rate": 10356483.991824798
        },
        "http_req_waiting": {
            "p(95)": 937.55552,
            "avg": 537.1359581333346,
            "min": 187.0016,
            "med": 466.54125,
            "max": 1546.4726,
            "p(90)": 829.39848
        },
        "data_sent": {
            "count": 2853750,
            "rate": 961775.5757231567
        },
        "http_reqs": {
            "count": 3750,
            "rate": 1263.8312427373937
        },
        "http_req_blocked": {
            "avg": 686.1092090133347,
            "min": 250.529,
            "med": 627.3223499999999,
            "max": 1296.0912,
            "p(90)": 989.08463,
            "p(95)": 1041.084735
        }
    },
    "root_group": {
        "name": "",
        "path": "",
        "id": "d41d8cd98f00b204e9800998ecf8427e",
        "groups": {},
        "checks": {
                "200 OK": {
                    "name": "200 OK",
                    "path": "::200 OK",
                    "id": "e9654c443eff553da9e69eda7007924e",
                    "passes": 3750,
                    "fails": 0
                },
                "201 Created": {
                    "name": "201 Created",
                    "path": "::201 Created",
                    "id": "728dcd977aae263ca314731145e1d447",
                    "passes": 0,
                    "fails": 3750
                },
                "204 No Content": {
                    "fails": 3750,
                    "name": "204 No Content",
                    "path": "::204 No Content",
                    "id": "54fa3c2eda34e1622fda2da5e0479fc5",
                    "passes": 0
                },
                "400 Bad Request": {
                    "name": "400 Bad Request",
                    "path": "::400 Bad Request",
                    "id": "eeae81934b9b58bccaf0184a6d070338",
                    "passes": 0,
                    "fails": 3750
                },
                "401 Unauthorized": {
                    "path": "::401 Unauthorized",
                    "id": "6ae9254e6aefe7f0bafe5102fa7e20a5",
                    "passes": 0,
                    "fails": 3750,
                    "name": "401 Unauthorized"
                },
                "403 Forbidden": {
                    "name": "403 Forbidden",
                    "path": "::403 Forbidden",
                    "id": "655548b761742c5a7ad15aa7df3a5d9c",
                    "passes": 0,
                    "fails": 3750
                },
                "404 Not Found": {
                    "name": "404 Not Found",
                    "path": "::404 Not Found",
                    "id": "df1528f9925ca236bac51008f77b774a",
                    "passes": 0,
                    "fails": 3750
                },
                "422 Unprocessable Content": {
                    "passes": 0,
                    "fails": 3750,
                    "name": "422 Unprocessable Content",
                    "path": "::422 Unprocessable Content",
                    "id": "d94c37ab64a32602add978a71bd22822"
                },
                "429 Too Many Requests": {
                    "path": "::429 Too Many Requests",
                    "id": "b810c35b9499cc7342fd415032e3a6aa",
                    "passes": 0,
                    "fails": 3750,
                    "name": "429 Too Many Requests"
                },
                "500 Internal Server Error": {
                    "id": "3cd96245b24e869810efe46d533b0eef",
                    "passes": 0,
                    "fails": 3750,
                    "name": "500 Internal Server Error",
                    "path": "::500 Internal Server Error"
                },
                "502 Bad Gateway": {
                    "fails": 3750,
                    "name": "502 Bad Gateway",
                    "path": "::502 Bad Gateway",
                    "id": "712cb0ec189a11f31f0d6d0c0031b569",
                    "passes": 0
                },
                "503 Service Unavailable": {
                    "path": "::503 Service Unavailable",
                    "id": "f1ea1a22be0dc738c385523a66ea1cd9",
                    "passes": 0,
                    "fails": 3750,
                    "name": "503 Service Unavailable"
                },
                "504 Gateway Timeout": {
                    "path": "::504 Gateway Timeout",
                    "id": "218efb729cb654723ccd57c6ebbebe29",
                    "passes": 0,
                    "fails": 3750,
                    "name": "504 Gateway Timeout"
                }
            }
    }
}