{
    "metrics": {
        "data_sent": {
            "count": 2527500,
            "rate": 234122.05092361636
        },
        "http_req_duration": {
            "avg": 4454.574217893341,
            "min": 3221.8511,
            "med": 4126.4305,
            "max": 9224.4433,
            "p(90)": 5529.73388,
            "p(95)": 5971.457879999999
        },
        "iteration_duration": {
            "avg": 5997.235881413349,
            "min": 4611.1399,
            "med": 5704.27815,
            "max": 10650.6501,
            "p(90)": 6972.58757,
            "p(95)": 7353.435604999999
        },
        "http_req_connecting": {
            "avg": 196.12058578666694,
            "min": 65.9994,
            "med": 198.9984,
            "max": 208.0002,
            "p(90)": 203.9982,
            "p(95)": 204.9984
        },
        "http_req_tls_handshaking": {
            "avg": 345.01640258666623,
            "min": 176.9972,
            "med": 336.26275,
            "max": 766.8362,
            "p(90)": 585.04816,
            "p(95)": 668.9078649999997
        },
        "vus_max": {
            "value": 3750,
            "min": 3679,
            "max": 3750
        },
        "http_req_blocked": {
            "med": 535.26565,
            "max": 983.5475,
            "p(90)": 784.0661399999999,
            "p(95)": 866.3819349999999,
            "avg": 542.04302344,
            "min": 269.9947
        },
        "http_req_waiting": {
            "min": 3220.8204,
            "med": 4126.4305,
            "max": 9224.4433,
            "p(90)": 5529.020399999999,
            "p(95)": 5971.457879999999,
            "avg": 4454.261107413349
        },
        "http_req_receiving": {
            "p(95)": 0.5425549999999999,
            "avg": 0.08933376000000011,
            "min": 0,
            "med": 0,
            "max": 6.693,
            "p(90)": 0.51016
        },
        "iterations": {
            "count": 3750,
            "rate": 347.3620933584812
        },
        "http_req_duration{expected_response:true}": {
            "p(90)": 8740.83106,
            "p(95)": 8840.92759,
            "avg": 8524.59406289308,
            "min": 6958.4408,
            "med": 8630.2067,
            "max": 9224.4433
        },
        "http_reqs": {
            "count": 3750,
            "rate": 347.3620933584812
        },
        "data_received": {
            "count": 29482626,
            "rate": 2730972.4493507165
        },
        "http_req_failed": {
            "passes": 3591,
            "fails": 159,
            "value": 0.9576
        },
        "http_req_sending": {
            "med": 0,
            "max": 13.0009,
            "p(90)": 0.9999,
            "p(95)": 1.0011,
            "avg": 0.22377672000000012,
            "min": 0
        },
        "vus": {
            "max": 3750,
            "value": 146,
            "min": 0
        },
        "checks": {
            "passes": 3750,
            "fails": 45000,
            "value": 0.07692307692307693
        }
    },
    "root_group": {
        "name": "",
        "path": "",
        "id": "d41d8cd98f00b204e9800998ecf8427e",
        "groups": {},
        "checks": {
                "200 OK": {
                    "name": "200 OK",
                    "path": "::200 OK",
                    "id": "e9654c443eff553da9e69eda7007924e",
                    "passes": 159,
                    "fails": 3591
                },
                "201 Created": {
                    "path": "::201 Created",
                    "id": "728dcd977aae263ca314731145e1d447",
                    "passes": 0,
                    "fails": 3750,
                    "name": "201 Created"
                },
                "204 No Content": {
                    "path": "::204 No Content",
                    "id": "54fa3c2eda34e1622fda2da5e0479fc5",
                    "passes": 0,
                    "fails": 3750,
                    "name": "204 No Content"
                },
                "400 Bad Request": {
                    "name": "400 Bad Request",
                    "path": "::400 Bad Request",
                    "id": "eeae81934b9b58bccaf0184a6d070338",
                    "passes": 0,
                    "fails": 3750
                },
                "401 Unauthorized": {
                    "passes": 0,
                    "fails": 3750,
                    "name": "401 Unauthorized",
                    "path": "::401 Unauthorized",
                    "id": "6ae9254e6aefe7f0bafe5102fa7e20a5"
                },
                "403 Forbidden": {
                    "id": "655548b761742c5a7ad15aa7df3a5d9c",
                    "passes": 0,
                    "fails": 3750,
                    "name": "403 Forbidden",
                    "path": "::403 Forbidden"
                },
                "404 Not Found": {
                    "name": "404 Not Found",
                    "path": "::404 Not Found",
                    "id": "df1528f9925ca236bac51008f77b774a",
                    "passes": 0,
                    "fails": 3750
                },
                "422 Unprocessable Content": {
                    "fails": 3750,
                    "name": "422 Unprocessable Content",
                    "path": "::422 Unprocessable Content",
                    "id": "d94c37ab64a32602add978a71bd22822",
                    "passes": 0
                },
                "429 Too Many Requests": {
                    "name": "429 Too Many Requests",
                    "path": "::429 Too Many Requests",
                    "id": "b810c35b9499cc7342fd415032e3a6aa",
                    "passes": 0,
                    "fails": 3750
                },
                "500 Internal Server Error": {
                    "name": "500 Internal Server Error",
                    "path": "::500 Internal Server Error",
                    "id": "3cd96245b24e869810efe46d533b0eef",
                    "passes": 3591,
                    "fails": 159
                },
                "502 Bad Gateway": {
                    "passes": 0,
                    "fails": 3750,
                    "name": "502 Bad Gateway",
                    "path": "::502 Bad Gateway",
                    "id": "712cb0ec189a11f31f0d6d0c0031b569"
                },
                "503 Service Unavailable": {
                    "id": "f1ea1a22be0dc738c385523a66ea1cd9",
                    "passes": 0,
                    "fails": 3750,
                    "name": "503 Service Unavailable",
                    "path": "::503 Service Unavailable"
                },
                "504 Gateway Timeout": {
                    "id": "218efb729cb654723ccd57c6ebbebe29",
                    "passes": 0,
                    "fails": 3750,
                    "name": "504 Gateway Timeout",
                    "path": "::504 Gateway Timeout"
                }
            }
    }
}