{
    "metrics": {
        "vus_max": {
            "value": 3750,
            "min": 3576,
            "max": 3750
        },
        "http_req_receiving": {
            "med": 0,
            "max": 18.999,
            "p(90)": 1.0025,
            "p(95)": 2.0022749999999996,
            "avg": 0.3364770666666663,
            "min": 0
        },
        "http_reqs": {
            "count": 3750,
            "rate": 757.3355215684916
        },
        "http_req_sending": {
            "avg": 0.2756461866666664,
            "min": 0,
            "med": 0,
            "max": 29.9529,
            "p(90)": 0.9999,
            "p(95)": 1.0012
        },
        "data_received": {
            "count": 30708925,
            "rate": 6201855.928448717
        },
        "vus": {
            "value": 300,
            "min": 0,
            "max": 3750
        },
        "http_req_duration": {
            "p(95)": 2287.5050699999997,
            "avg": 1252.2255933333352,
            "min": 33.9998,
            "med": 1306.83015,
            "max": 2636.3535,
            "p(90)": 2083.41361
        },
        "http_req_connecting": {
            "avg": 169.8965721599997,
            "min": 126.5275,
            "med": 178.5258,
            "max": 207.0591,
            "p(90)": 196.529,
            "p(95)": 197.53111
        },
        "http_req_failed": {
            "passes": 0,
            "fails": 3750,
            "value": 0
        },
        "iterations": {
            "count": 3750,
            "rate": 757.3355215684916
        },
        "http_req_duration{expected_response:true}": {
            "med": 1306.83015,
            "max": 2636.3535,
            "p(90)": 2083.41361,
            "p(95)": 2287.5050699999997,
            "avg": 1252.2255933333352,
            "min": 33.9998
        },
        "iteration_duration": {
            "max": 4928.4931,
            "p(90)": 3872.56389,
            "p(95)": 3941.0951549999995,
            "avg": 3075.4904954666667,
            "min": 1372.5344,
            "med": 3286.4290499999997
        },
        "http_req_blocked": {
            "med": 728.2472,
            "max": 3878.0162,
            "p(90)": 1425.01816,
            "p(95)": 1509.6099699999997,
            "avg": 822.6611307733345,
            "min": 320.5893
        },
        "http_req_tls_handshaking": {
            "p(95)": 1242.002875,
            "avg": 595.2598181599994,
            "min": 133.9999,
            "med": 477.97015,
            "max": 3620.9578,
            "p(90)": 1178.0091499999999
        },
        "http_req_waiting": {
            "avg": 1251.6134700800008,
            "min": 31.9989,
            "med": 1306.83015,
            "max": 2636.3535,
            "p(90)": 2083.41361,
            "p(95)": 2287.1787249999998
        },
        "data_sent": {
            "count": 2853750,
            "rate": 576332.3319136221
        },
        "checks": {
            "fails": 45000,
            "passes": 3750,
            "value": 0.07692307692307693
        }
    },
    "root_group": {
        "name": "",
        "path": "",
        "id": "d41d8cd98f00b204e9800998ecf8427e",
        "groups": {},
        "checks": {
                "200 OK": {
                    "path": "::200 OK",
                    "id": "e9654c443eff553da9e69eda7007924e",
                    "passes": 3750,
                    "fails": 0,
                    "name": "200 OK"
                },
                "201 Created": {
                    "name": "201 Created",
                    "path": "::201 Created",
                    "id": "728dcd977aae263ca314731145e1d447",
                    "passes": 0,
                    "fails": 3750
                },
                "204 No Content": {
                    "name": "204 No Content",
                    "path": "::204 No Content",
                    "id": "54fa3c2eda34e1622fda2da5e0479fc5",
                    "passes": 0,
                    "fails": 3750
                },
                "400 Bad Request": {
                    "id": "eeae81934b9b58bccaf0184a6d070338",
                    "passes": 0,
                    "fails": 3750,
                    "name": "400 Bad Request",
                    "path": "::400 Bad Request"
                },
                "401 Unauthorized": {
                    "passes": 0,
                    "fails": 3750,
                    "name": "401 Unauthorized",
                    "path": "::401 Unauthorized",
                    "id": "6ae9254e6aefe7f0bafe5102fa7e20a5"
                },
                "403 Forbidden": {
                    "name": "403 Forbidden",
                    "path": "::403 Forbidden",
                    "id": "655548b761742c5a7ad15aa7df3a5d9c",
                    "passes": 0,
                    "fails": 3750
                },
                "404 Not Found": {
                    "passes": 0,
                    "fails": 3750,
                    "name": "404 Not Found",
                    "path": "::404 Not Found",
                    "id": "df1528f9925ca236bac51008f77b774a"
                },
                "422 Unprocessable Content": {
                    "passes": 0,
                    "fails": 3750,
                    "name": "422 Unprocessable Content",
                    "path": "::422 Unprocessable Content",
                    "id": "d94c37ab64a32602add978a71bd22822"
                },
                "429 Too Many Requests": {
                    "name": "429 Too Many Requests",
                    "path": "::429 Too Many Requests",
                    "id": "b810c35b9499cc7342fd415032e3a6aa",
                    "passes": 0,
                    "fails": 3750
                },
                "500 Internal Server Error": {
                    "id": "3cd96245b24e869810efe46d533b0eef",
                    "passes": 0,
                    "fails": 3750,
                    "name": "500 Internal Server Error",
                    "path": "::500 Internal Server Error"
                },
                "502 Bad Gateway": {
                    "id": "712cb0ec189a11f31f0d6d0c0031b569",
                    "passes": 0,
                    "fails": 3750,
                    "name": "502 Bad Gateway",
                    "path": "::502 Bad Gateway"
                },
                "503 Service Unavailable": {
                    "path": "::503 Service Unavailable",
                    "id": "f1ea1a22be0dc738c385523a66ea1cd9",
                    "passes": 0,
                    "fails": 3750,
                    "name": "503 Service Unavailable"
                },
                "504 Gateway Timeout": {
                    "name": "504 Gateway Timeout",
                    "path": "::504 Gateway Timeout",
                    "id": "218efb729cb654723ccd57c6ebbebe29",
                    "passes": 0,
                    "fails": 3750
                }
            }
    }
}