{
    "metrics": {
        "dropped_iterations": {
            "count": 2979,
            "rate": 48.825167396201365
        },
        "http_req_blocked": {
            "med": 0,
            "max": 60.3044,
            "p(90)": 0,
            "p(95)": 0,
            "avg": 0.24211724790780656,
            "min": 0
        },
        "http_req_waiting": {
            "avg": 18.43738961814625,
            "min": 0,
            "med": 5.7553,
            "max": 1444.4426,
            "p(90)": 8.24886,
            "p(95)": 9.398919999999972
        },
        "http_req_connecting": {
            "avg": 0.09274822609411422,
            "min": 0,
            "med": 0,
            "max": 32.478,
            "p(90)": 0,
            "p(95)": 0
        },
        "data_sent": {
            "count": 5221060,
            "rate": 85572.04715864758
        },
        "iterations": {
            "count": 109335,
            "rate": 1791.977065211036
        },
        "http_req_duration": {
            "avg": 18.527317740888265,
            "min": 0,
            "med": 5.8308,
            "max": 1444.956,
            "p(90)": 8.332360000000001,
            "p(95)": 9.655969999999979
        },
        "http_req_receiving": {
            "max": 21.0293,
            "p(90)": 0.1578,
            "p(95)": 0.5392,
            "avg": 0.06828637673206235,
            "min": 0,
            "med": 0
        },
        "checks": {
            "fails": 1312020,
            "passes": 109335,
            "value": 0.07692307692307693
        },
        "iteration_duration": {
            "med": 1006.4351,
            "max": 2445.1108,
            "p(90)": 1009.17238,
            "p(95)": 1017.54438,
            "avg": 1019.3794613289322,
            "min": 1000.2074
        },
        "http_reqs": {
            "count": 109335,
            "rate": 1791.977065211036
        },
        "vus_max": {
            "value": 2500,
            "min": 2500,
            "max": 2500
        },
        "http_req_duration{expected_response:true}": {
            "avg": 18.527317740888265,
            "min": 0,
            "med": 5.8308,
            "max": 1444.956,
            "p(90)": 8.332360000000001,
            "p(95)": 9.655969999999979
        },
        "http_req_sending": {
            "p(95)": 0.1067,
            "avg": 0.02164174600996935,
            "min": 0,
            "med": 0,
            "max": 28.3241,
            "p(90)": 0
        },
        "http_req_failed": {
            "passes": 0,
            "fails": 109335,
            "value": 0
        },
        "http_req_tls_handshaking": {
            "avg": 0.14173250194356804,
            "min": 0,
            "med": 0,
            "max": 46.8021,
            "p(90)": 0,
            "p(95)": 0
        },
        "data_received": {
            "count": 73242599,
            "rate": 1200430.398357788
        },
        "vus": {
            "value": 1564,
            "min": 3,
            "max": 2500
        }
    },
    "root_group": {
        "id": "d41d8cd98f00b204e9800998ecf8427e",
        "groups": {},
        "checks": {
                "200 OK": {
                    "id": "e9654c443eff553da9e69eda7007924e",
                    "passes": 109335,
                    "fails": 0,
                    "name": "200 OK",
                    "path": "::200 OK"
                },
                "201 Created": {
                    "name": "201 Created",
                    "path": "::201 Created",
                    "id": "728dcd977aae263ca314731145e1d447",
                    "passes": 0,
                    "fails": 109335
                },
                "204 No Content": {
                    "name": "204 No Content",
                    "path": "::204 No Content",
                    "id": "54fa3c2eda34e1622fda2da5e0479fc5",
                    "passes": 0,
                    "fails": 109335
                },
                "400 Bad Request": {
                    "name": "400 Bad Request",
                    "path": "::400 Bad Request",
                    "id": "eeae81934b9b58bccaf0184a6d070338",
                    "passes": 0,
                    "fails": 109335
                },
                "401 Unauthorized": {
                    "path": "::401 Unauthorized",
                    "id": "6ae9254e6aefe7f0bafe5102fa7e20a5",
                    "passes": 0,
                    "fails": 109335,
                    "name": "401 Unauthorized"
                },
                "403 Forbidden": {
                    "passes": 0,
                    "fails": 109335,
                    "name": "403 Forbidden",
                    "path": "::403 Forbidden",
                    "id": "655548b761742c5a7ad15aa7df3a5d9c"
                },
                "404 Not Found": {
                    "name": "404 Not Found",
                    "path": "::404 Not Found",
                    "id": "df1528f9925ca236bac51008f77b774a",
                    "passes": 0,
                    "fails": 109335
                },
                "422 Unprocessable Content": {
                    "fails": 109335,
                    "name": "422 Unprocessable Content",
                    "path": "::422 Unprocessable Content",
                    "id": "d94c37ab64a32602add978a71bd22822",
                    "passes": 0
                },
                "429 Too Many Requests": {
                    "name": "429 Too Many Requests",
                    "path": "::429 Too Many Requests",
                    "id": "b810c35b9499cc7342fd415032e3a6aa",
                    "passes": 0,
                    "fails": 109335
                },
                "500 Internal Server Error": {
                    "fails": 109335,
                    "name": "500 Internal Server Error",
                    "path": "::500 Internal Server Error",
                    "id": "3cd96245b24e869810efe46d533b0eef",
                    "passes": 0
                },
                "502 Bad Gateway": {
                    "passes": 0,
                    "fails": 109335,
                    "name": "502 Bad Gateway",
                    "path": "::502 Bad Gateway",
                    "id": "712cb0ec189a11f31f0d6d0c0031b569"
                },
                "503 Service Unavailable": {
                    "name": "503 Service Unavailable",
                    "path": "::503 Service Unavailable",
                    "id": "f1ea1a22be0dc738c385523a66ea1cd9",
                    "passes": 0,
                    "fails": 109335
                },
                "504 Gateway Timeout": {
                    "name": "504 Gateway Timeout",
                    "path": "::504 Gateway Timeout",
                    "id": "218efb729cb654723ccd57c6ebbebe29",
                    "passes": 0,
                    "fails": 109335
                }
            },
        "name": "",
        "path": ""
    }
}