{
    "metrics": {
        "http_req_duration{expected_response:true}": {
            "p(90)": 9366.03596,
            "p(95)": 9578.05214,
            "avg": 4695.638915021458,
            "min": 158.0005,
            "med": 4184.5614,
            "max": 10442.7054
        },
        "checks": {
            "passes": 1500,
            "fails": 18000,
            "value": 0.07692307692307693
        },
        "http_req_blocked": {
            "min": 102.843,
            "med": 241.3096,
            "max": 346.3071,
            "p(90)": 296.3119,
            "p(95)": 304.309,
            "avg": 240.35447906666718
        },
        "vus_max": {
            "value": 1500,
            "min": 1500,
            "max": 1500
        },
        "iteration_duration": {
            "med": 5474.64775,
            "max": 11720.2897,
            "p(90)": 10478.498860000002,
            "p(95)": 10748.353495,
            "avg": 5895.628182400001,
            "min": 1357.3242
        },
        "http_req_waiting": {
            "avg": 4654.443617066665,
            "min": 156.508,
            "med": 4226.82405,
            "max": 10442.7054,
            "p(90)": 9235.95461,
            "p(95)": 9481.04314
        },
        "http_reqs": {
            "count": 1500,
            "rate": 127.5465909840342
        },
        "http_req_duration": {
            "p(90)": 9235.96119,
            "p(95)": 9481.04314,
            "avg": 4654.744986400003,
            "min": 158.0005,
            "med": 4226.830400000001,
            "max": 10442.7054
        },
        "http_req_failed": {
            "passes": 335,
            "fails": 1165,
            "value": 0.22333333333333333
        },
        "data_sent": {
            "count": 1011000,
            "rate": 85966.40232323905
        },
        "iterations": {
            "count": 1500,
            "rate": 127.5465909840342
        },
        "http_req_connecting": {
            "p(95)": 98.19,
            "avg": 64.61221140000002,
            "min": 10.5178,
            "med": 70.15655000000001,
            "max": 106.4985,
            "p(90)": 92.77863
        },
        "http_req_sending": {
            "p(90)": 1,
            "p(95)": 1.0011,
            "avg": 0.25254613333333364,
            "min": 0,
            "med": 0,
            "max": 14.0004
        },
        "http_req_receiving": {
            "max": 1.4925,
            "p(90)": 0.042560000000000216,
            "p(95)": 0.53542,
            "avg": 0.048823200000000004,
            "min": 0,
            "med": 0
        },
        "data_received": {
            "count": 12867655,
            "rate": 1094150.3528057751
        },
        "vus": {
            "value": 2,
            "min": 2,
            "max": 1500
        },
        "http_req_tls_handshaking": {
            "avg": 125.11065453333332,
            "min": 60.2013,
            "med": 119.2647,
            "max": 223.4261,
            "p(90)": 167.9285,
            "p(95)": 178.677395
        }
    },
    "root_group": {
        "name": "",
        "path": "",
        "id": "d41d8cd98f00b204e9800998ecf8427e",
        "groups": {},
        "checks": {
                "200 OK": {
                    "path": "::200 OK",
                    "id": "e9654c443eff553da9e69eda7007924e",
                    "passes": 1165,
                    "fails": 335,
                    "name": "200 OK"
                },
                "201 Created": {
                    "name": "201 Created",
                    "path": "::201 Created",
                    "id": "728dcd977aae263ca314731145e1d447",
                    "passes": 0,
                    "fails": 1500
                },
                "204 No Content": {
                    "name": "204 No Content",
                    "path": "::204 No Content",
                    "id": "54fa3c2eda34e1622fda2da5e0479fc5",
                    "passes": 0,
                    "fails": 1500
                },
                "400 Bad Request": {
                    "name": "400 Bad Request",
                    "path": "::400 Bad Request",
                    "id": "eeae81934b9b58bccaf0184a6d070338",
                    "passes": 0,
                    "fails": 1500
                },
                "401 Unauthorized": {
                    "name": "401 Unauthorized",
                    "path": "::401 Unauthorized",
                    "id": "6ae9254e6aefe7f0bafe5102fa7e20a5",
                    "passes": 0,
                    "fails": 1500
                },
                "403 Forbidden": {
                    "passes": 0,
                    "fails": 1500,
                    "name": "403 Forbidden",
                    "path": "::403 Forbidden",
                    "id": "655548b761742c5a7ad15aa7df3a5d9c"
                },
                "404 Not Found": {
                    "id": "df1528f9925ca236bac51008f77b774a",
                    "passes": 0,
                    "fails": 1500,
                    "name": "404 Not Found",
                    "path": "::404 Not Found"
                },
                "422 Unprocessable Content": {
                    "name": "422 Unprocessable Content",
                    "path": "::422 Unprocessable Content",
                    "id": "d94c37ab64a32602add978a71bd22822",
                    "passes": 0,
                    "fails": 1500
                },
                "429 Too Many Requests": {
                    "passes": 0,
                    "fails": 1500,
                    "name": "429 Too Many Requests",
                    "path": "::429 Too Many Requests",
                    "id": "b810c35b9499cc7342fd415032e3a6aa"
                },
                "500 Internal Server Error": {
                    "name": "500 Internal Server Error",
                    "path": "::500 Internal Server Error",
                    "id": "3cd96245b24e869810efe46d533b0eef",
                    "passes": 335,
                    "fails": 1165
                },
                "502 Bad Gateway": {
                    "name": "502 Bad Gateway",
                    "path": "::502 Bad Gateway",
                    "id": "712cb0ec189a11f31f0d6d0c0031b569",
                    "passes": 0,
                    "fails": 1500
                },
                "503 Service Unavailable": {
                    "passes": 0,
                    "fails": 1500,
                    "name": "503 Service Unavailable",
                    "path": "::503 Service Unavailable",
                    "id": "f1ea1a22be0dc738c385523a66ea1cd9"
                },
                "504 Gateway Timeout": {
                    "name": "504 Gateway Timeout",
                    "path": "::504 Gateway Timeout",
                    "id": "218efb729cb654723ccd57c6ebbebe29",
                    "passes": 0,
                    "fails": 1500
                }
            }
    }
}