{
    "metrics": {
        "http_req_failed": {
            "passes": 0,
            "fails": 3750,
            "value": 0
        },
        "iterations": {
            "count": 3750,
            "rate": 1338.514156482656
        },
        "http_req_connecting": {
            "p(90)": 415.5316,
            "p(95)": 428.53221,
            "avg": 278.977202800001,
            "min": 48.9991,
            "med": 245.5331,
            "max": 455.0178
        },
        "http_req_duration": {
            "min": 64,
            "med": 537.9250999999999,
            "max": 1334.0203,
            "p(90)": 881.5005499999999,
            "p(95)": 967.8244349999999,
            "avg": 565.41338472
        },
        "http_req_waiting": {
            "p(90)": 880.15086,
            "p(95)": 967.050745,
            "avg": 564.5347343466658,
            "min": 64,
            "med": 537.3208,
            "max": 1332.3172
        },
        "iteration_duration": {
            "min": 1788.9028,
            "med": 2347.57305,
            "max": 2786.7955,
            "p(90)": 2663.78098,
            "p(95)": 2693.79227,
            "avg": 2357.0930832533336
        },
        "data_received": {
            "count": 32418544,
            "rate": 11571381.353748232
        },
        "http_reqs": {
            "count": 3750,
            "rate": 1338.514156482656
        },
        "data_sent": {
            "count": 2853750,
            "rate": 1018609.2730833014
        },
        "vus_max": {
            "min": 3750,
            "max": 3750,
            "value": 3750
        },
        "http_req_receiving": {
            "med": 0,
            "max": 20.0012,
            "p(90)": 1.99522,
            "p(95)": 2.3935,
            "avg": 0.6256645866666667,
            "min": 0
        },
        "http_req_blocked": {
            "avg": 790.9737333599974,
            "min": 248.9903,
            "med": 801.3251,
            "max": 1308.7466,
            "p(90)": 917.85198,
            "p(95)": 948.4062849999997
        },
        "http_req_tls_handshaking": {
            "med": 510.32505000000003,
            "max": 899.2175,
            "p(90)": 635.79385,
            "p(95)": 646.5823399999999,
            "avg": 510.0072222133335,
            "min": 192.9984
        },
        "checks": {
            "passes": 3750,
            "fails": 45000,
            "value": 0.07692307692307693
        },
        "http_req_sending": {
            "avg": 0.25298578666666643,
            "min": 0,
            "med": 0,
            "max": 21.9992,
            "p(90)": 1.0002,
            "p(95)": 1.0013
        },
        "http_req_duration{expected_response:true}": {
            "max": 1334.0203,
            "p(90)": 881.5005499999999,
            "p(95)": 967.8244349999999,
            "avg": 565.41338472,
            "min": 64,
            "med": 537.9250999999999
        },
        "vus": {
            "value": 3600,
            "min": 2231,
            "max": 3750
        }
    },
    "root_group": {
        "name": "",
        "path": "",
        "id": "d41d8cd98f00b204e9800998ecf8427e",
        "groups": {},
        "checks": {
                "200 OK": {
                    "name": "200 OK",
                    "path": "::200 OK",
                    "id": "e9654c443eff553da9e69eda7007924e",
                    "passes": 3750,
                    "fails": 0
                },
                "201 Created": {
                    "passes": 0,
                    "fails": 3750,
                    "name": "201 Created",
                    "path": "::201 Created",
                    "id": "728dcd977aae263ca314731145e1d447"
                },
                "204 No Content": {
                    "name": "204 No Content",
                    "path": "::204 No Content",
                    "id": "54fa3c2eda34e1622fda2da5e0479fc5",
                    "passes": 0,
                    "fails": 3750
                },
                "400 Bad Request": {
                    "id": "eeae81934b9b58bccaf0184a6d070338",
                    "passes": 0,
                    "fails": 3750,
                    "name": "400 Bad Request",
                    "path": "::400 Bad Request"
                },
                "401 Unauthorized": {
                    "name": "401 Unauthorized",
                    "path": "::401 Unauthorized",
                    "id": "6ae9254e6aefe7f0bafe5102fa7e20a5",
                    "passes": 0,
                    "fails": 3750
                },
                "403 Forbidden": {
                    "id": "655548b761742c5a7ad15aa7df3a5d9c",
                    "passes": 0,
                    "fails": 3750,
                    "name": "403 Forbidden",
                    "path": "::403 Forbidden"
                },
                "404 Not Found": {
                    "path": "::404 Not Found",
                    "id": "df1528f9925ca236bac51008f77b774a",
                    "passes": 0,
                    "fails": 3750,
                    "name": "404 Not Found"
                },
                "422 Unprocessable Content": {
                    "fails": 3750,
                    "name": "422 Unprocessable Content",
                    "path": "::422 Unprocessable Content",
                    "id": "d94c37ab64a32602add978a71bd22822",
                    "passes": 0
                },
                "429 Too Many Requests": {
                    "name": "429 Too Many Requests",
                    "path": "::429 Too Many Requests",
                    "id": "b810c35b9499cc7342fd415032e3a6aa",
                    "passes": 0,
                    "fails": 3750
                },
                "500 Internal Server Error": {
                    "id": "3cd96245b24e869810efe46d533b0eef",
                    "passes": 0,
                    "fails": 3750,
                    "name": "500 Internal Server Error",
                    "path": "::500 Internal Server Error"
                },
                "502 Bad Gateway": {
                    "path": "::502 Bad Gateway",
                    "id": "712cb0ec189a11f31f0d6d0c0031b569",
                    "passes": 0,
                    "fails": 3750,
                    "name": "502 Bad Gateway"
                },
                "503 Service Unavailable": {
                    "name": "503 Service Unavailable",
                    "path": "::503 Service Unavailable",
                    "id": "f1ea1a22be0dc738c385523a66ea1cd9",
                    "passes": 0,
                    "fails": 3750
                },
                "504 Gateway Timeout": {
                    "fails": 3750,
                    "name": "504 Gateway Timeout",
                    "path": "::504 Gateway Timeout",
                    "id": "218efb729cb654723ccd57c6ebbebe29",
                    "passes": 0
                }
            }
    }
}