{
    "metrics": {
        "http_req_sending": {
            "p(95)": 0.6471799999999837,
            "avg": 0.18186120000000006,
            "min": 0,
            "med": 0,
            "max": 1.1728,
            "p(90)": 0.56163
        },
        "http_req_receiving": {
            "avg": 0.1670212000000001,
            "min": 0,
            "med": 0,
            "max": 2,
            "p(90)": 0.758100000000001,
            "p(95)": 1.003965
        },
        "http_req_duration": {
            "max": 1782.4746,
            "p(90)": 1693.16355,
            "p(95)": 1719.7882549999997,
            "avg": 1015.1484324000005,
            "min": 167.861,
            "med": 1424.8567
        },
        "checks": {
            "passes": 500,
            "fails": 6000,
            "value": 0.07692307692307693
        },
        "http_reqs": {
            "count": 500,
            "rate": 176.67555474269096
        },
        "iterations": {
            "count": 500,
            "rate": 176.67555474269096
        },
        "http_req_tls_handshaking": {
            "p(90)": 269.4778,
            "p(95)": 284.5123949999999,
            "avg": 158.20011959999994,
            "min": 14.9997,
            "med": 156.48435,
            "max": 320.7864
        },
        "http_req_failed": {
            "passes": 0,
            "fails": 500,
            "value": 0
        },
        "data_received": {
            "count": 4429302,
            "rate": 1565098.7759458213
        },
        "http_req_connecting": {
            "p(90)": 20.0011,
            "p(95)": 23.0002,
            "avg": 13.911562800000011,
            "min": 1.9988,
            "med": 15.9992,
            "max": 26.0027
        },
        "vus_max": {
            "value": 500,
            "min": 500,
            "max": 500
        },
        "http_req_duration{expected_response:true}": {
            "med": 1424.8567,
            "max": 1782.4746,
            "p(90)": 1693.16355,
            "p(95)": 1719.7882549999997,
            "avg": 1015.1484324000005,
            "min": 167.861
        },
        "http_req_blocked": {
            "p(90)": 274.83939,
            "p(95)": 291.043505,
            "avg": 172.41873240000015,
            "min": 33.0023,
            "med": 173.08205,
            "max": 352.3174
        },
        "http_req_waiting": {
            "min": 167.3109,
            "med": 1424.7361500000002,
            "max": 1781.4732,
            "p(90)": 1692.2427300000002,
            "p(95)": 1719.7882549999997,
            "avg": 1014.7995500000006
        },
        "iteration_duration": {
            "p(90)": 2802.72345,
            "p(95)": 2809.73429,
            "avg": 2188.3302857999993,
            "min": 1455.649,
            "med": 2689.7259,
            "max": 2825.8067
        },
        "data_sent": {
            "count": 327000,
            "rate": 115545.81280171989
        },
        "vus": {
            "value": 260,
            "min": 260,
            "max": 500
        }
    },
    "root_group": {
        "name": "",
        "path": "",
        "id": "d41d8cd98f00b204e9800998ecf8427e",
        "groups": {},
        "checks": {
                "200 OK": {
                    "fails": 0,
                    "name": "200 OK",
                    "path": "::200 OK",
                    "id": "e9654c443eff553da9e69eda7007924e",
                    "passes": 500
                },
                "201 Created": {
                    "name": "201 Created",
                    "path": "::201 Created",
                    "id": "728dcd977aae263ca314731145e1d447",
                    "passes": 0,
                    "fails": 500
                },
                "204 No Content": {
                    "passes": 0,
                    "fails": 500,
                    "name": "204 No Content",
                    "path": "::204 No Content",
                    "id": "54fa3c2eda34e1622fda2da5e0479fc5"
                },
                "400 Bad Request": {
                    "fails": 500,
                    "name": "400 Bad Request",
                    "path": "::400 Bad Request",
                    "id": "eeae81934b9b58bccaf0184a6d070338",
                    "passes": 0
                },
                "401 Unauthorized": {
                    "name": "401 Unauthorized",
                    "path": "::401 Unauthorized",
                    "id": "6ae9254e6aefe7f0bafe5102fa7e20a5",
                    "passes": 0,
                    "fails": 500
                },
                "403 Forbidden": {
                    "fails": 500,
                    "name": "403 Forbidden",
                    "path": "::403 Forbidden",
                    "id": "655548b761742c5a7ad15aa7df3a5d9c",
                    "passes": 0
                },
                "404 Not Found": {
                    "name": "404 Not Found",
                    "path": "::404 Not Found",
                    "id": "df1528f9925ca236bac51008f77b774a",
                    "passes": 0,
                    "fails": 500
                },
                "422 Unprocessable Content": {
                    "id": "d94c37ab64a32602add978a71bd22822",
                    "passes": 0,
                    "fails": 500,
                    "name": "422 Unprocessable Content",
                    "path": "::422 Unprocessable Content"
                },
                "429 Too Many Requests": {
                    "path": "::429 Too Many Requests",
                    "id": "b810c35b9499cc7342fd415032e3a6aa",
                    "passes": 0,
                    "fails": 500,
                    "name": "429 Too Many Requests"
                },
                "500 Internal Server Error": {
                    "id": "3cd96245b24e869810efe46d533b0eef",
                    "passes": 0,
                    "fails": 500,
                    "name": "500 Internal Server Error",
                    "path": "::500 Internal Server Error"
                },
                "502 Bad Gateway": {
                    "name": "502 Bad Gateway",
                    "path": "::502 Bad Gateway",
                    "id": "712cb0ec189a11f31f0d6d0c0031b569",
                    "passes": 0,
                    "fails": 500
                },
                "503 Service Unavailable": {
                    "name": "503 Service Unavailable",
                    "path": "::503 Service Unavailable",
                    "id": "f1ea1a22be0dc738c385523a66ea1cd9",
                    "passes": 0,
                    "fails": 500
                },
                "504 Gateway Timeout": {
                    "name": "504 Gateway Timeout",
                    "path": "::504 Gateway Timeout",
                    "id": "218efb729cb654723ccd57c6ebbebe29",
                    "passes": 0,
                    "fails": 500
                }
            }
    }
}