{
    "metrics": {
        "data_sent": {
            "count": 2341500,
            "rate": 37646.23433737585
        },
        "vus_max": {
            "value": 3500,
            "min": 1474,
            "max": 3500
        },
        "http_req_duration": {
            "max": 60520.4234,
            "p(90)": 2277.4085299999997,
            "p(95)": 2351.3618749999996,
            "avg": 2129.9641078571444,
            "min": 184.4037,
            "med": 1029.94265
        },
        "data_received": {
            "count": 22317956,
            "rate": 358824.2585980112
        },
        "iteration_duration": {
            "avg": 3627.439433028569,
            "min": 1429.1602,
            "med": 2516.58745,
            "max": 62073.8035,
            "p(90)": 3812.68419,
            "p(95)": 3860.80856
        },
        "http_req_sending": {
            "avg": 0.26071494285714286,
            "min": 0,
            "med": 0,
            "max": 19.9994,
            "p(90)": 1,
            "p(95)": 1.0015
        },
        "iterations": {
            "count": 3500,
            "rate": 56.27239811266943
        },
        "http_req_duration{expected_response:true}": {
            "max": 60520.4234,
            "p(90)": 2277.4085299999997,
            "p(95)": 2351.3618749999996,
            "avg": 2129.9641078571444,
            "min": 184.4037,
            "med": 1029.94265
        },
        "checks": {
            "passes": 3500,
            "fails": 42000,
            "value": 0.07692307692307693
        },
        "http_req_blocked": {
            "med": 501.4023,
            "max": 586.4044,
            "p(90)": 550.81425,
            "p(95)": 553.92831,
            "avg": 496.81078942857204,
            "min": 241.5215
        },
        "http_req_connecting": {
            "max": 267.4035,
            "p(90)": 223.5266,
            "p(95)": 226.401735,
            "avg": 210.40124368571352,
            "min": 42.5234,
            "med": 215.5266
        },
        "http_req_receiving": {
            "p(90)": 1.0537499999999995,
            "p(95)": 2.0009,
            "avg": 0.3840820285714287,
            "min": 0,
            "med": 0,
            "max": 13.179
        },
        "http_reqs": {
            "count": 3500,
            "rate": 56.27239811266943
        },
        "http_req_tls_handshaking": {
            "avg": 285.9301317714284,
            "min": 178.4033,
            "med": 291.87739999999997,
            "max": 359.5226,
            "p(90)": 336.0017,
            "p(95)": 342.5522999999999
        },
        "http_req_failed": {
            "passes": 0,
            "fails": 3500,
            "value": 0
        },
        "http_req_waiting": {
            "p(90)": 2275.8302,
            "p(95)": 2350.4417099999996,
            "avg": 2129.319310885714,
            "min": 179.4039,
            "med": 1029.0327499999999,
            "max": 60520.4234
        },
        "vus": {
            "value": 48,
            "min": 0,
            "max": 3500
        }
    },
    "root_group": {
        "path": "",
        "id": "d41d8cd98f00b204e9800998ecf8427e",
        "groups": {},
        "checks": {
                "200 OK": {
                    "name": "200 OK",
                    "path": "::200 OK",
                    "id": "e9654c443eff553da9e69eda7007924e",
                    "passes": 3500,
                    "fails": 0
                },
                "201 Created": {
                    "id": "728dcd977aae263ca314731145e1d447",
                    "passes": 0,
                    "fails": 3500,
                    "name": "201 Created",
                    "path": "::201 Created"
                },
                "204 No Content": {
                    "name": "204 No Content",
                    "path": "::204 No Content",
                    "id": "54fa3c2eda34e1622fda2da5e0479fc5",
                    "passes": 0,
                    "fails": 3500
                },
                "400 Bad Request": {
                    "passes": 0,
                    "fails": 3500,
                    "name": "400 Bad Request",
                    "path": "::400 Bad Request",
                    "id": "eeae81934b9b58bccaf0184a6d070338"
                },
                "401 Unauthorized": {
                    "path": "::401 Unauthorized",
                    "id": "6ae9254e6aefe7f0bafe5102fa7e20a5",
                    "passes": 0,
                    "fails": 3500,
                    "name": "401 Unauthorized"
                },
                "403 Forbidden": {
                    "path": "::403 Forbidden",
                    "id": "655548b761742c5a7ad15aa7df3a5d9c",
                    "passes": 0,
                    "fails": 3500,
                    "name": "403 Forbidden"
                },
                "404 Not Found": {
                    "id": "df1528f9925ca236bac51008f77b774a",
                    "passes": 0,
                    "fails": 3500,
                    "name": "404 Not Found",
                    "path": "::404 Not Found"
                },
                "422 Unprocessable Content": {
                    "name": "422 Unprocessable Content",
                    "path": "::422 Unprocessable Content",
                    "id": "d94c37ab64a32602add978a71bd22822",
                    "passes": 0,
                    "fails": 3500
                },
                "429 Too Many Requests": {
                    "name": "429 Too Many Requests",
                    "path": "::429 Too Many Requests",
                    "id": "b810c35b9499cc7342fd415032e3a6aa",
                    "passes": 0,
                    "fails": 3500
                },
                "500 Internal Server Error": {
                    "name": "500 Internal Server Error",
                    "path": "::500 Internal Server Error",
                    "id": "3cd96245b24e869810efe46d533b0eef",
                    "passes": 0,
                    "fails": 3500
                },
                "502 Bad Gateway": {
                    "name": "502 Bad Gateway",
                    "path": "::502 Bad Gateway",
                    "id": "712cb0ec189a11f31f0d6d0c0031b569",
                    "passes": 0,
                    "fails": 3500
                },
                "503 Service Unavailable": {
                    "id": "f1ea1a22be0dc738c385523a66ea1cd9",
                    "passes": 0,
                    "fails": 3500,
                    "name": "503 Service Unavailable",
                    "path": "::503 Service Unavailable"
                },
                "504 Gateway Timeout": {
                    "passes": 0,
                    "fails": 3500,
                    "name": "504 Gateway Timeout",
                    "path": "::504 Gateway Timeout",
                    "id": "218efb729cb654723ccd57c6ebbebe29"
                }
            },
        "name": ""
    }
}