{
    "metrics": {
        "data_sent": {
            "count": 594,
            "rate": 526.3663926578091
        },
        "iteration_duration": {
            "p(95)": 1128.4915,
            "avg": 1128.4915,
            "min": 1128.4915,
            "med": 1128.4915,
            "max": 1128.4915,
            "p(90)": 1128.4915
        },
        "iterations": {
            "count": 1,
            "rate": 0.8861387081781299
        },
        "http_req_tls_handshaking": {
            "p(95)": 14.4928,
            "avg": 14.4928,
            "min": 14.4928,
            "med": 14.4928,
            "max": 14.4928,
            "p(90)": 14.4928
        },
        "http_req_failed": {
            "fails": 1,
            "passes": 0,
            "value": 0
        },
        "http_req_duration{expected_response:true}": {
            "max": 75.4339,
            "p(90)": 75.4339,
            "p(95)": 75.4339,
            "avg": 75.4339,
            "min": 75.4339,
            "med": 75.4339
        },
        "http_req_connecting": {
            "avg": 5.175,
            "min": 5.175,
            "med": 5.175,
            "max": 5.175,
            "p(90)": 5.175,
            "p(95)": 5.175
        },
        "http_reqs": {
            "count": 1,
            "rate": 0.8861387081781299
        },
        "http_req_duration": {
            "p(95)": 75.4339,
            "avg": 75.4339,
            "min": 75.4339,
            "med": 75.4339,
            "max": 75.4339,
            "p(90)": 75.4339
        },
        "http_req_waiting": {
            "max": 74.8791,
            "p(90)": 74.8791,
            "p(95)": 74.8791,
            "avg": 74.8791,
            "min": 74.8791,
            "med": 74.8791
        },
        "http_req_receiving": {
            "avg": 0,
            "min": 0,
            "med": 0,
            "max": 0,
            "p(90)": 0,
            "p(95)": 0
        },
        "vus": {
            "value": 1,
            "min": 1,
            "max": 1
        },
        "data_received": {
            "rate": 8046.139470257419,
            "count": 9080
        },
        "http_req_blocked": {
            "max": 38.1783,
            "p(90)": 38.1783,
            "p(95)": 38.1783,
            "avg": 38.1783,
            "min": 38.1783,
            "med": 38.1783
        },
        "checks": {
            "fails": 12,
            "passes": 1,
            "value": 0.07692307692307693
        },
        "vus_max": {
            "value": 1,
            "min": 1,
            "max": 1
        },
        "http_req_sending": {
            "avg": 0.5548,
            "min": 0.5548,
            "med": 0.5548,
            "max": 0.5548,
            "p(90)": 0.5548,
            "p(95)": 0.5548
        }
    },
    "root_group": {
        "path": "",
        "id": "d41d8cd98f00b204e9800998ecf8427e",
        "groups": {},
        "checks": {
                "200 OK": {
                    "fails": 0,
                    "name": "200 OK",
                    "path": "::200 OK",
                    "id": "e9654c443eff553da9e69eda7007924e",
                    "passes": 1
                },
                "201 Created": {
                    "name": "201 Created",
                    "path": "::201 Created",
                    "id": "728dcd977aae263ca314731145e1d447",
                    "passes": 0,
                    "fails": 1
                },
                "204 No Content": {
                    "name": "204 No Content",
                    "path": "::204 No Content",
                    "id": "54fa3c2eda34e1622fda2da5e0479fc5",
                    "passes": 0,
                    "fails": 1
                },
                "400 Bad Request": {
                    "name": "400 Bad Request",
                    "path": "::400 Bad Request",
                    "id": "eeae81934b9b58bccaf0184a6d070338",
                    "passes": 0,
                    "fails": 1
                },
                "401 Unauthorized": {
                    "name": "401 Unauthorized",
                    "path": "::401 Unauthorized",
                    "id": "6ae9254e6aefe7f0bafe5102fa7e20a5",
                    "passes": 0,
                    "fails": 1
                },
                "403 Forbidden": {
                    "name": "403 Forbidden",
                    "path": "::403 Forbidden",
                    "id": "655548b761742c5a7ad15aa7df3a5d9c",
                    "passes": 0,
                    "fails": 1
                },
                "404 Not Found": {
                    "name": "404 Not Found",
                    "path": "::404 Not Found",
                    "id": "df1528f9925ca236bac51008f77b774a",
                    "passes": 0,
                    "fails": 1
                },
                "422 Unprocessable Content": {
                    "fails": 1,
                    "name": "422 Unprocessable Content",
                    "path": "::422 Unprocessable Content",
                    "id": "d94c37ab64a32602add978a71bd22822",
                    "passes": 0
                },
                "429 Too Many Requests": {
                    "name": "429 Too Many Requests",
                    "path": "::429 Too Many Requests",
                    "id": "b810c35b9499cc7342fd415032e3a6aa",
                    "passes": 0,
                    "fails": 1
                },
                "500 Internal Server Error": {
                    "name": "500 Internal Server Error",
                    "path": "::500 Internal Server Error",
                    "id": "3cd96245b24e869810efe46d533b0eef",
                    "passes": 0,
                    "fails": 1
                },
                "502 Bad Gateway": {
                    "name": "502 Bad Gateway",
                    "path": "::502 Bad Gateway",
                    "id": "712cb0ec189a11f31f0d6d0c0031b569",
                    "passes": 0,
                    "fails": 1
                },
                "503 Service Unavailable": {
                    "path": "::503 Service Unavailable",
                    "id": "f1ea1a22be0dc738c385523a66ea1cd9",
                    "passes": 0,
                    "fails": 1,
                    "name": "503 Service Unavailable"
                },
                "504 Gateway Timeout": {
                    "passes": 0,
                    "fails": 1,
                    "name": "504 Gateway Timeout",
                    "path": "::504 Gateway Timeout",
                    "id": "218efb729cb654723ccd57c6ebbebe29"
                }
            },
        "name": ""
    }
}