{
    "metrics": {
        "http_req_failed": {
            "passes": 0,
            "fails": 1,
            "value": 0
        },
        "iterations": {
            "count": 1,
            "rate": 0.8838273471559805
        },
        "iteration_duration": {
            "avg": 1131.4427,
            "min": 1131.4427,
            "med": 1131.4427,
            "max": 1131.4427,
            "p(90)": 1131.4427,
            "p(95)": 1131.4427
        },
        "http_req_blocked": {
            "p(95)": 23.8479,
            "avg": 23.8479,
            "min": 23.8479,
            "med": 23.8479,
            "max": 23.8479,
            "p(90)": 23.8479
        },
        "http_req_connecting": {
            "min": 3.4847,
            "med": 3.4847,
            "max": 3.4847,
            "p(90)": 3.4847,
            "p(95)": 3.4847,
            "avg": 3.4847
        },
        "http_req_waiting": {
            "avg": 105.8783,
            "min": 105.8783,
            "med": 105.8783,
            "max": 105.8783,
            "p(90)": 105.8783,
            "p(95)": 105.8783
        },
        "http_reqs": {
            "rate": 0.8838273471559805,
            "count": 1
        },
        "data_sent": {
            "rate": 578.0230850400113,
            "count": 654
        },
        "vus_max": {
            "value": 1,
            "min": 1,
            "max": 1
        },
        "data_received": {
            "count": 8880,
            "rate": 7848.386842745107
        },
        "checks": {
            "passes": 1,
            "fails": 12,
            "value": 0.07692307692307693
        },
        "http_req_duration": {
            "avg": 106.4202,
            "min": 106.4202,
            "med": 106.4202,
            "max": 106.4202,
            "p(90)": 106.4202,
            "p(95)": 106.4202
        },
        "http_req_tls_handshaking": {
            "avg": 5.0084,
            "min": 5.0084,
            "med": 5.0084,
            "max": 5.0084,
            "p(90)": 5.0084,
            "p(95)": 5.0084
        },
        "http_req_duration{expected_response:true}": {
            "avg": 106.4202,
            "min": 106.4202,
            "med": 106.4202,
            "max": 106.4202,
            "p(90)": 106.4202,
            "p(95)": 106.4202
        },
        "http_req_sending": {
            "p(95)": 0.5419,
            "avg": 0.5419,
            "min": 0.5419,
            "med": 0.5419,
            "max": 0.5419,
            "p(90)": 0.5419
        },
        "http_req_receiving": {
            "max": 0,
            "p(90)": 0,
            "p(95)": 0,
            "avg": 0,
            "min": 0,
            "med": 0
        },
        "vus": {
            "value": 1,
            "min": 1,
            "max": 1
        }
    },
    "root_group": {
        "path": "",
        "id": "d41d8cd98f00b204e9800998ecf8427e",
        "groups": {},
        "checks": {
                "200 OK": {
                    "name": "200 OK",
                    "path": "::200 OK",
                    "id": "e9654c443eff553da9e69eda7007924e",
                    "passes": 1,
                    "fails": 0
                },
                "201 Created": {
                    "id": "728dcd977aae263ca314731145e1d447",
                    "passes": 0,
                    "fails": 1,
                    "name": "201 Created",
                    "path": "::201 Created"
                },
                "204 No Content": {
                    "name": "204 No Content",
                    "path": "::204 No Content",
                    "id": "54fa3c2eda34e1622fda2da5e0479fc5",
                    "passes": 0,
                    "fails": 1
                },
                "400 Bad Request": {
                    "name": "400 Bad Request",
                    "path": "::400 Bad Request",
                    "id": "eeae81934b9b58bccaf0184a6d070338",
                    "passes": 0,
                    "fails": 1
                },
                "401 Unauthorized": {
                    "id": "6ae9254e6aefe7f0bafe5102fa7e20a5",
                    "passes": 0,
                    "fails": 1,
                    "name": "401 Unauthorized",
                    "path": "::401 Unauthorized"
                },
                "403 Forbidden": {
                    "name": "403 Forbidden",
                    "path": "::403 Forbidden",
                    "id": "655548b761742c5a7ad15aa7df3a5d9c",
                    "passes": 0,
                    "fails": 1
                },
                "404 Not Found": {
                    "passes": 0,
                    "fails": 1,
                    "name": "404 Not Found",
                    "path": "::404 Not Found",
                    "id": "df1528f9925ca236bac51008f77b774a"
                },
                "422 Unprocessable Content": {
                    "fails": 1,
                    "name": "422 Unprocessable Content",
                    "path": "::422 Unprocessable Content",
                    "id": "d94c37ab64a32602add978a71bd22822",
                    "passes": 0
                },
                "429 Too Many Requests": {
                    "name": "429 Too Many Requests",
                    "path": "::429 Too Many Requests",
                    "id": "b810c35b9499cc7342fd415032e3a6aa",
                    "passes": 0,
                    "fails": 1
                },
                "500 Internal Server Error": {
                    "id": "3cd96245b24e869810efe46d533b0eef",
                    "passes": 0,
                    "fails": 1,
                    "name": "500 Internal Server Error",
                    "path": "::500 Internal Server Error"
                },
                "502 Bad Gateway": {
                    "id": "712cb0ec189a11f31f0d6d0c0031b569",
                    "passes": 0,
                    "fails": 1,
                    "name": "502 Bad Gateway",
                    "path": "::502 Bad Gateway"
                },
                "503 Service Unavailable": {
                    "name": "503 Service Unavailable",
                    "path": "::503 Service Unavailable",
                    "id": "f1ea1a22be0dc738c385523a66ea1cd9",
                    "passes": 0,
                    "fails": 1
                },
                "504 Gateway Timeout": {
                    "id": "218efb729cb654723ccd57c6ebbebe29",
                    "passes": 0,
                    "fails": 1,
                    "name": "504 Gateway Timeout",
                    "path": "::504 Gateway Timeout"
                }
            },
        "name": ""
    }
}