{
    "metrics": {
        "data_received": {
            "count": 47910292,
            "rate": 1905167.8063644257
        },
        "http_req_connecting": {
            "avg": 316.6957366500014,
            "min": 166.5304,
            "med": 292.529,
            "max": 460.06,
            "p(90)": 424.0573,
            "p(95)": 442.0564
        },
        "iteration_duration": {
            "min": 1283.1429,
            "med": 15129.2636,
            "max": 24962.9201,
            "p(90)": 16980.371430000003,
            "p(95)": 17233.622105,
            "avg": 13570.443722733304
        },
        "checks": {
            "passes": 5994,
            "fails": 72006,
            "value": 0.07684615384615384
        },
        "data_sent": {
            "count": 4039956,
            "rate": 160650.1189833867
        },
        "http_req_duration{expected_response:true}": {
            "p(90)": 12009.193440000001,
            "p(95)": 12685.624914999999,
            "avg": 8561.678580121446,
            "min": 943.6156,
            "med": 8886.5854,
            "max": 23194.144
        },
        "http_req_tls_handshaking": {
            "med": 1826.2971,
            "max": 6001.5985,
            "p(90)": 5284.989520000001,
            "p(95)": 5650.452525,
            "avg": 2428.8711890333293,
            "min": 0
        },
        "http_req_failed": {
            "passes": 2212,
            "fails": 3788,
            "value": 0.36866666666666664
        },
        "http_req_sending": {
            "avg": 0.1976710999999997,
            "min": 0,
            "med": 0,
            "max": 13.1277,
            "p(90)": 0.5790200000000001,
            "p(95)": 0.7540950000000007
        },
        "http_req_receiving": {
            "p(90)": 0.55483,
            "p(95)": 1.0001,
            "avg": 0.1869480000000003,
            "min": 0,
            "med": 0,
            "max": 12.6598
        },
        "iterations": {
            "count": 6000,
            "rate": 238.591884144362
        },
        "vus": {
            "value": 10,
            "min": 0,
            "max": 6000
        },
        "vus_max": {
            "value": 6000,
            "min": 3905,
            "max": 6000
        },
        "http_req_duration": {
            "avg": 9822.917356849994,
            "min": 0,
            "med": 10423.2726,
            "max": 23194.144,
            "p(90)": 13518.14135,
            "p(95)": 14094.85644
        },
        "http_reqs": {
            "count": 6000,
            "rate": 238.591884144362
        },
        "http_req_waiting": {
            "max": 23194.144,
            "p(90)": 13518.04156,
            "p(95)": 14093.91271,
            "avg": 9822.53273774999,
            "min": 0,
            "med": 10422.00845
        },
        "http_req_blocked": {
            "avg": 2746.143174233342,
            "min": 0,
            "med": 2128.3329000000003,
            "max": 6261.5978,
            "p(90)": 5553.14371,
            "p(95)": 5913.421625
        }
    },
    "root_group": {
        "checks": {
            "200 OK": {
                "path": "::200 OK",
                "id": "e9654c443eff553da9e69eda7007924e",
                "passes": 3788,
                "fails": 2212,
                "name": "200 OK"
            },
            "201 Created": {
                "id": "728dcd977aae263ca314731145e1d447",
                "passes": 0,
                "fails": 6000,
                "name": "201 Created",
                "path": "::201 Created"
            },
            "204 No Content": {
                "fails": 6000,
                "name": "204 No Content",
                "path": "::204 No Content",
                "id": "54fa3c2eda34e1622fda2da5e0479fc5",
                "passes": 0
            },
            "400 Bad Request": {
                "path": "::400 Bad Request",
                "id": "eeae81934b9b58bccaf0184a6d070338",
                "passes": 0,
                "fails": 6000,
                "name": "400 Bad Request"
            },
            "401 Unauthorized": {
                "name": "401 Unauthorized",
                "path": "::401 Unauthorized",
                "id": "6ae9254e6aefe7f0bafe5102fa7e20a5",
                "passes": 0,
                "fails": 6000
            },
            "403 Forbidden": {
                "name": "403 Forbidden",
                "path": "::403 Forbidden",
                "id": "655548b761742c5a7ad15aa7df3a5d9c",
                "passes": 0,
                "fails": 6000
            },
            "404 Not Found": {
                "passes": 0,
                "fails": 6000,
                "name": "404 Not Found",
                "path": "::404 Not Found",
                "id": "df1528f9925ca236bac51008f77b774a"
            },
            "422 Unprocessable Content": {
                "id": "d94c37ab64a32602add978a71bd22822",
                "passes": 0,
                "fails": 6000,
                "name": "422 Unprocessable Content",
                "path": "::422 Unprocessable Content"
            },
            "429 Too Many Requests": {
                "name": "429 Too Many Requests",
                "path": "::429 Too Many Requests",
                "id": "b810c35b9499cc7342fd415032e3a6aa",
                "passes": 0,
                "fails": 6000
            },
            "500 Internal Server Error": {
                "id": "3cd96245b24e869810efe46d533b0eef",
                "passes": 2206,
                "fails": 3794,
                "name": "500 Internal Server Error",
                "path": "::500 Internal Server Error"
            },
            "502 Bad Gateway": {
                "id": "712cb0ec189a11f31f0d6d0c0031b569",
                "passes": 0,
                "fails": 6000,
                "name": "502 Bad Gateway",
                "path": "::502 Bad Gateway"
            },
            "503 Service Unavailable": {
                "name": "503 Service Unavailable",
                "path": "::503 Service Unavailable",
                "id": "f1ea1a22be0dc738c385523a66ea1cd9",
                "passes": 0,
                "fails": 6000
            },
            "504 Gateway Timeout": {
                "name": "504 Gateway Timeout",
                "path": "::504 Gateway Timeout",
                "id": "218efb729cb654723ccd57c6ebbebe29",
                "passes": 0,
                "fails": 6000
            }
        },
        "name": "",
        "path": "",
        "id": "d41d8cd98f00b204e9800998ecf8427e",
        "groups": {}
    }
}