{
    "metrics": {
        "http_req_failed": {
            "passes": 0,
            "fails": 6000,
            "value": 0
        },
        "data_sent": {
            "count": 3564000,
            "rate": 125660.7945513705
        },
        "http_req_duration": {
            "min": 24899.9925,
            "med": 25340.4353,
            "max": 25807.3683,
            "p(90)": 25614.63841,
            "p(95)": 25685.224105,
            "avg": 25318.534155366695
        },
        "checks": {
            "passes": 6000,
            "fails": 72000,
            "value": 0.07692307692307693
        },
        "iteration_duration": {
            "med": 27377.76605,
            "max": 27980.5879,
            "p(90)": 27561.67679,
            "p(95)": 27621.8237,
            "avg": 27363.060478066793,
            "min": 26885.7709
        },
        "http_req_waiting": {
            "avg": 25316.847458399927,
            "min": 24899.9925,
            "med": 25338.8641,
            "max": 25807.3683,
            "p(90)": 25614.31883,
            "p(95)": 25684.71897
        },
        "http_req_connecting": {
            "p(90)": 654.69072,
            "p(95)": 659.4882,
            "avg": 525.4474006166649,
            "min": 49.0147,
            "med": 521.7552499999999,
            "max": 668.0222
        },
        "http_req_receiving": {
            "avg": 1.5270167166666673,
            "min": 0,
            "med": 0.9979,
            "max": 52.1651,
            "p(90)": 3.4383,
            "p(95)": 5.1473
        },
        "http_req_blocked": {
            "p(95)": 1083.278765,
            "avg": 988.1623600999977,
            "min": 715.4885,
            "med": 981.28165,
            "max": 1265.3205,
            "p(90)": 1077.282
        },
        "vus": {
            "min": 0,
            "max": 6000,
            "value": 2940
        },
        "iterations": {
            "count": 6000,
            "rate": 211.55015917739144
        },
        "vus_max": {
            "value": 6000,
            "min": 3883,
            "max": 6000
        },
        "http_req_duration{expected_response:true}": {
            "med": 25340.4353,
            "max": 25807.3683,
            "p(90)": 25614.63841,
            "p(95)": 25685.224105,
            "avg": 25318.534155366695,
            "min": 24899.9925
        },
        "data_received": {
            "count": 54515293,
            "rate": 1922119.8186253554
        },
        "http_reqs": {
            "count": 6000,
            "rate": 211.55015917739144
        },
        "http_req_tls_handshaking": {
            "med": 458.0379,
            "max": 721.621,
            "p(90)": 493.0904,
            "p(95)": 498.091845,
            "avg": 459.91719021666626,
            "min": 408.2672
        },
        "http_req_sending": {
            "avg": 0.15968024999999997,
            "min": 0,
            "med": 0,
            "max": 8.0033,
            "p(90)": 0.9994,
            "p(95)": 1.0006
        }
    },
    "root_group": {
        "id": "d41d8cd98f00b204e9800998ecf8427e",
        "groups": {},
        "checks": {
                "200 OK": {
                    "name": "200 OK",
                    "path": "::200 OK",
                    "id": "e9654c443eff553da9e69eda7007924e",
                    "passes": 6000,
                    "fails": 0
                },
                "201 Created": {
                    "path": "::201 Created",
                    "id": "728dcd977aae263ca314731145e1d447",
                    "passes": 0,
                    "fails": 6000,
                    "name": "201 Created"
                },
                "204 No Content": {
                    "name": "204 No Content",
                    "path": "::204 No Content",
                    "id": "54fa3c2eda34e1622fda2da5e0479fc5",
                    "passes": 0,
                    "fails": 6000
                },
                "400 Bad Request": {
                    "name": "400 Bad Request",
                    "path": "::400 Bad Request",
                    "id": "eeae81934b9b58bccaf0184a6d070338",
                    "passes": 0,
                    "fails": 6000
                },
                "401 Unauthorized": {
                    "id": "6ae9254e6aefe7f0bafe5102fa7e20a5",
                    "passes": 0,
                    "fails": 6000,
                    "name": "401 Unauthorized",
                    "path": "::401 Unauthorized"
                },
                "403 Forbidden": {
                    "passes": 0,
                    "fails": 6000,
                    "name": "403 Forbidden",
                    "path": "::403 Forbidden",
                    "id": "655548b761742c5a7ad15aa7df3a5d9c"
                },
                "404 Not Found": {
                    "name": "404 Not Found",
                    "path": "::404 Not Found",
                    "id": "df1528f9925ca236bac51008f77b774a",
                    "passes": 0,
                    "fails": 6000
                },
                "422 Unprocessable Content": {
                    "passes": 0,
                    "fails": 6000,
                    "name": "422 Unprocessable Content",
                    "path": "::422 Unprocessable Content",
                    "id": "d94c37ab64a32602add978a71bd22822"
                },
                "429 Too Many Requests": {
                    "passes": 0,
                    "fails": 6000,
                    "name": "429 Too Many Requests",
                    "path": "::429 Too Many Requests",
                    "id": "b810c35b9499cc7342fd415032e3a6aa"
                },
                "500 Internal Server Error": {
                    "name": "500 Internal Server Error",
                    "path": "::500 Internal Server Error",
                    "id": "3cd96245b24e869810efe46d533b0eef",
                    "passes": 0,
                    "fails": 6000
                },
                "502 Bad Gateway": {
                    "name": "502 Bad Gateway",
                    "path": "::502 Bad Gateway",
                    "id": "712cb0ec189a11f31f0d6d0c0031b569",
                    "passes": 0,
                    "fails": 6000
                },
                "503 Service Unavailable": {
                    "name": "503 Service Unavailable",
                    "path": "::503 Service Unavailable",
                    "id": "f1ea1a22be0dc738c385523a66ea1cd9",
                    "passes": 0,
                    "fails": 6000
                },
                "504 Gateway Timeout": {
                    "path": "::504 Gateway Timeout",
                    "id": "218efb729cb654723ccd57c6ebbebe29",
                    "passes": 0,
                    "fails": 6000,
                    "name": "504 Gateway Timeout"
                }
            },
        "name": "",
        "path": ""
    }
}