{
    "metrics": {
        "http_req_receiving": {
            "med": 0,
            "max": 2.2192,
            "p(90)": 0.5148,
            "p(95)": 0.554145,
            "avg": 0.09196300000000004,
            "min": 0
        },
        "http_req_duration": {
            "p(95)": 1450.564525,
            "avg": 839.3533605999997,
            "min": 204.7374,
            "med": 751.65995,
            "max": 1678.6566,
            "p(90)": 1381.03077
        },
        "http_req_blocked": {
            "p(90)": 1103.4170900000001,
            "p(95)": 1178.82174,
            "avg": 590.3325687999998,
            "min": 113.9993,
            "med": 528.11185,
            "max": 1257.4394
        },
        "http_req_failed": {
            "passes": 0,
            "fails": 1500,
            "value": 0
        },
        "checks": {
            "passes": 1500,
            "fails": 18000,
            "value": 0.07692307692307693
        },
        "iteration_duration": {
            "avg": 2430.3923913333338,
            "min": 1811.3364,
            "med": 2633.74865,
            "max": 2882.6753,
            "p(90)": 2752.8630700000003,
            "p(95)": 2788.4568249999998
        },
        "data_sent": {
            "count": 981000,
            "rate": 338656.4301518006
        },
        "data_received": {
            "count": 13286686,
            "rate": 4586770.28471754
        },
        "vus": {
            "value": 1347,
            "min": 0,
            "max": 1500
        },
        "http_req_tls_handshaking": {
            "max": 1203.4418,
            "p(90)": 1046.1364200000003,
            "p(95)": 1124.20065,
            "avg": 520.2497988666669,
            "min": 52.9976,
            "med": 458.48095
        },
        "http_req_connecting": {
            "med": 65.50014999999999,
            "max": 86.9978,
            "p(90)": 80.99921,
            "p(95)": 83.0011,
            "avg": 67.56949466666688,
            "min": 44.9999
        },
        "http_req_waiting": {
            "min": 204.7045,
            "med": 751.65995,
            "max": 1677.6556,
            "p(90)": 1381.03077,
            "p(95)": 1450.564525,
            "avg": 839.099325066667
        },
        "http_req_duration{expected_response:true}": {
            "p(95)": 1450.564525,
            "avg": 839.3533605999997,
            "min": 204.7374,
            "med": 751.65995,
            "max": 1678.6566,
            "p(90)": 1381.03077
        },
        "http_reqs": {
            "count": 1500,
            "rate": 517.8232876938847
        },
        "vus_max": {
            "value": 1500,
            "min": 1406,
            "max": 1500
        },
        "http_req_sending": {
            "min": 0,
            "med": 0,
            "max": 2.0138,
            "p(90)": 0.5583100000000001,
            "p(95)": 0.99091,
            "avg": 0.16207253333333327
        },
        "iterations": {
            "count": 1500,
            "rate": 517.8232876938847
        }
    },
    "root_group": {
        "name": "",
        "path": "",
        "id": "d41d8cd98f00b204e9800998ecf8427e",
        "groups": {},
        "checks": {
                "200 OK": {
                    "name": "200 OK",
                    "path": "::200 OK",
                    "id": "e9654c443eff553da9e69eda7007924e",
                    "passes": 1500,
                    "fails": 0
                },
                "201 Created": {
                    "name": "201 Created",
                    "path": "::201 Created",
                    "id": "728dcd977aae263ca314731145e1d447",
                    "passes": 0,
                    "fails": 1500
                },
                "204 No Content": {
                    "path": "::204 No Content",
                    "id": "54fa3c2eda34e1622fda2da5e0479fc5",
                    "passes": 0,
                    "fails": 1500,
                    "name": "204 No Content"
                },
                "400 Bad Request": {
                    "name": "400 Bad Request",
                    "path": "::400 Bad Request",
                    "id": "eeae81934b9b58bccaf0184a6d070338",
                    "passes": 0,
                    "fails": 1500
                },
                "401 Unauthorized": {
                    "fails": 1500,
                    "name": "401 Unauthorized",
                    "path": "::401 Unauthorized",
                    "id": "6ae9254e6aefe7f0bafe5102fa7e20a5",
                    "passes": 0
                },
                "403 Forbidden": {
                    "fails": 1500,
                    "name": "403 Forbidden",
                    "path": "::403 Forbidden",
                    "id": "655548b761742c5a7ad15aa7df3a5d9c",
                    "passes": 0
                },
                "404 Not Found": {
                    "name": "404 Not Found",
                    "path": "::404 Not Found",
                    "id": "df1528f9925ca236bac51008f77b774a",
                    "passes": 0,
                    "fails": 1500
                },
                "422 Unprocessable Content": {
                    "passes": 0,
                    "fails": 1500,
                    "name": "422 Unprocessable Content",
                    "path": "::422 Unprocessable Content",
                    "id": "d94c37ab64a32602add978a71bd22822"
                },
                "429 Too Many Requests": {
                    "passes": 0,
                    "fails": 1500,
                    "name": "429 Too Many Requests",
                    "path": "::429 Too Many Requests",
                    "id": "b810c35b9499cc7342fd415032e3a6aa"
                },
                "500 Internal Server Error": {
                    "passes": 0,
                    "fails": 1500,
                    "name": "500 Internal Server Error",
                    "path": "::500 Internal Server Error",
                    "id": "3cd96245b24e869810efe46d533b0eef"
                },
                "502 Bad Gateway": {
                    "id": "712cb0ec189a11f31f0d6d0c0031b569",
                    "passes": 0,
                    "fails": 1500,
                    "name": "502 Bad Gateway",
                    "path": "::502 Bad Gateway"
                },
                "503 Service Unavailable": {
                    "name": "503 Service Unavailable",
                    "path": "::503 Service Unavailable",
                    "id": "f1ea1a22be0dc738c385523a66ea1cd9",
                    "passes": 0,
                    "fails": 1500
                },
                "504 Gateway Timeout": {
                    "name": "504 Gateway Timeout",
                    "path": "::504 Gateway Timeout",
                    "id": "218efb729cb654723ccd57c6ebbebe29",
                    "passes": 0,
                    "fails": 1500
                }
            }
    }
}