{
    "metrics": {
        "vus_max": {
            "value": 5000,
            "min": 4714,
            "max": 5000
        },
        "http_req_waiting": {
            "med": 22109.1234,
            "max": 22903.6311,
            "p(90)": 22230.42198,
            "p(95)": 22247.404665,
            "avg": 18216.802272419955,
            "min": 340.5236
        },
        "iterations": {
            "count": 5000,
            "rate": 201.87717999091586
        },
        "http_req_tls_handshaking": {
            "avg": 353.57989996000293,
            "min": 10.9982,
            "med": 355.5254,
            "max": 468.0495,
            "p(90)": 372.051,
            "p(95)": 374.05420499999997
        },
        "vus": {
            "value": 2966,
            "min": 0,
            "max": 5000
        },
        "iteration_duration": {
            "max": 24572.9828,
            "p(90)": 23914.64592,
            "p(95)": 23937.543515,
            "avg": 19878.896292200003,
            "min": 1754.6447,
            "med": 23773.24625
        },
        "data_sent": {
            "count": 2970000,
            "rate": 119915.04491460402
        },
        "http_req_duration{expected_response:true}": {
            "med": 22110.6419,
            "max": 22903.9699,
            "p(90)": 22231.38791,
            "p(95)": 22248.393880000003,
            "avg": 18217.438770180008,
            "min": 340.5236
        },
        "checks": {
            "passes": 5000,
            "fails": 60000,
            "value": 0.07692307692307693
        },
        "http_req_blocked": {
            "med": 662.2088,
            "max": 788.4563,
            "p(90)": 693.3885700000001,
            "p(95)": 699.053025,
            "avg": 660.5636147600004,
            "min": 310.8242
        },
        "http_req_connecting": {
            "p(95)": 320.52382,
            "avg": 295.8478350400011,
            "min": 97.2455,
            "med": 301.597,
            "max": 426.931,
            "p(90)": 316.9984
        },
        "http_req_failed": {
            "passes": 0,
            "fails": 5000,
            "value": 0
        },
        "http_reqs": {
            "count": 5000,
            "rate": 201.87717999091586
        },
        "data_received": {
            "count": 45424814,
            "rate": 1834046.670386375
        },
        "http_req_duration": {
            "med": 22110.6419,
            "max": 22903.9699,
            "p(90)": 22231.38791,
            "p(95)": 22248.393880000003,
            "avg": 18217.438770180008,
            "min": 340.5236
        },
        "http_req_receiving": {
            "avg": 0.47267414000000063,
            "min": 0,
            "med": 0,
            "max": 16.0009,
            "p(90)": 1.3195800000000046,
            "p(95)": 2.0223
        },
        "http_req_sending": {
            "p(90)": 0.9995,
            "p(95)": 1.0006,
            "avg": 0.1638236200000002,
            "min": 0,
            "med": 0,
            "max": 14.9997
        }
    },
    "root_group": {
        "name": "",
        "path": "",
        "id": "d41d8cd98f00b204e9800998ecf8427e",
        "groups": {},
        "checks": {
                "200 OK": {
                    "passes": 5000,
                    "fails": 0,
                    "name": "200 OK",
                    "path": "::200 OK",
                    "id": "e9654c443eff553da9e69eda7007924e"
                },
                "201 Created": {
                    "passes": 0,
                    "fails": 5000,
                    "name": "201 Created",
                    "path": "::201 Created",
                    "id": "728dcd977aae263ca314731145e1d447"
                },
                "204 No Content": {
                    "name": "204 No Content",
                    "path": "::204 No Content",
                    "id": "54fa3c2eda34e1622fda2da5e0479fc5",
                    "passes": 0,
                    "fails": 5000
                },
                "400 Bad Request": {
                    "name": "400 Bad Request",
                    "path": "::400 Bad Request",
                    "id": "eeae81934b9b58bccaf0184a6d070338",
                    "passes": 0,
                    "fails": 5000
                },
                "401 Unauthorized": {
                    "name": "401 Unauthorized",
                    "path": "::401 Unauthorized",
                    "id": "6ae9254e6aefe7f0bafe5102fa7e20a5",
                    "passes": 0,
                    "fails": 5000
                },
                "403 Forbidden": {
                    "name": "403 Forbidden",
                    "path": "::403 Forbidden",
                    "id": "655548b761742c5a7ad15aa7df3a5d9c",
                    "passes": 0,
                    "fails": 5000
                },
                "404 Not Found": {
                    "name": "404 Not Found",
                    "path": "::404 Not Found",
                    "id": "df1528f9925ca236bac51008f77b774a",
                    "passes": 0,
                    "fails": 5000
                },
                "422 Unprocessable Content": {
                    "passes": 0,
                    "fails": 5000,
                    "name": "422 Unprocessable Content",
                    "path": "::422 Unprocessable Content",
                    "id": "d94c37ab64a32602add978a71bd22822"
                },
                "429 Too Many Requests": {
                    "name": "429 Too Many Requests",
                    "path": "::429 Too Many Requests",
                    "id": "b810c35b9499cc7342fd415032e3a6aa",
                    "passes": 0,
                    "fails": 5000
                },
                "500 Internal Server Error": {
                    "name": "500 Internal Server Error",
                    "path": "::500 Internal Server Error",
                    "id": "3cd96245b24e869810efe46d533b0eef",
                    "passes": 0,
                    "fails": 5000
                },
                "502 Bad Gateway": {
                    "name": "502 Bad Gateway",
                    "path": "::502 Bad Gateway",
                    "id": "712cb0ec189a11f31f0d6d0c0031b569",
                    "passes": 0,
                    "fails": 5000
                },
                "503 Service Unavailable": {
                    "name": "503 Service Unavailable",
                    "path": "::503 Service Unavailable",
                    "id": "f1ea1a22be0dc738c385523a66ea1cd9",
                    "passes": 0,
                    "fails": 5000
                },
                "504 Gateway Timeout": {
                    "name": "504 Gateway Timeout",
                    "path": "::504 Gateway Timeout",
                    "id": "218efb729cb654723ccd57c6ebbebe29",
                    "passes": 0,
                    "fails": 5000
                }
            }
    }
}