{
    "metrics": {
        "http_req_connecting": {
            "p(90)": 2080.1244,
            "p(95)": 2100.124,
            "avg": 1557.8551160133368,
            "min": 132.9997,
            "med": 1589.548,
            "max": 3016.7092
        },
        "vus": {
            "value": 2,
            "min": 0,
            "max": 15000
        },
        "vus_max": {
            "value": 15000,
            "min": 3002,
            "max": 15000
        },
        "checks": {
            "passes": 15000,
            "fails": 180000,
            "value": 0.07692307692307693
        },
        "iteration_duration": {
            "p(90)": 45263.94351,
            "p(95)": 45323.034005,
            "avg": 44712.63336260003,
            "min": 6343.0782,
            "med": 45021.53630000001,
            "max": 63256.8238
        },
        "iterations": {
            "count": 15000,
            "rate": 237.04037606386132
        },
        "http_req_blocked": {
            "max": 4159.8137,
            "p(90)": 3370.1677,
            "p(95)": 3378.7331499999996,
            "avg": 3180.2867847066864,
            "min": 1167.1052,
            "med": 3231.1734500000002
        },
        "http_req_sending": {
            "p(90)": 0.9996,
            "p(95)": 1.0008,
            "avg": 0.18894986666666677,
            "min": 0,
            "med": 0,
            "max": 14.995
        },
        "data_sent": {
            "count": 8910000,
            "rate": 140801.98338193362
        },
        "http_req_duration{expected_response:true}": {
            "med": 40788.804000000004,
            "max": 60473.2075,
            "p(90)": 40906.86525,
            "p(95)": 40957.996620000005,
            "avg": 40530.83056831985,
            "min": 4143.8585
        },
        "http_req_duration": {
            "min": 4143.8585,
            "med": 40788.804000000004,
            "max": 60473.2075,
            "p(90)": 40906.86525,
            "p(95)": 40957.996620000005,
            "avg": 40530.83056831985
        },
        "http_req_receiving": {
            "med": 0.5338,
            "max": 25.0027,
            "p(90)": 2.0045,
            "p(95)": 3.0014,
            "avg": 0.9324202066666751,
            "min": 0
        },
        "http_req_tls_handshaking": {
            "avg": 1620.5272625733292,
            "min": 14.003,
            "med": 1616.6266500000002,
            "max": 2149.129,
            "p(90)": 1998.6053,
            "p(95)": 2027.1292
        },
        "http_req_waiting": {
            "min": 4142.8588,
            "med": 40787.599350000004,
            "max": 60473.2075,
            "p(90)": 40905.278790000004,
            "p(95)": 40956.283825,
            "avg": 40529.709198246695
        },
        "http_reqs": {
            "count": 15000,
            "rate": 237.04037606386132
        },
        "data_received": {
            "count": 136274912,
            "rate": 2153510.4259033073
        },
        "http_req_failed": {
            "passes": 0,
            "fails": 15000,
            "value": 0
        }
    },
    "root_group": {
        "name": "",
        "path": "",
        "id": "d41d8cd98f00b204e9800998ecf8427e",
        "groups": {},
        "checks": {
                "200 OK": {
                    "id": "e9654c443eff553da9e69eda7007924e",
                    "passes": 15000,
                    "fails": 0,
                    "name": "200 OK",
                    "path": "::200 OK"
                },
                "201 Created": {
                    "name": "201 Created",
                    "path": "::201 Created",
                    "id": "728dcd977aae263ca314731145e1d447",
                    "passes": 0,
                    "fails": 15000
                },
                "204 No Content": {
                    "path": "::204 No Content",
                    "id": "54fa3c2eda34e1622fda2da5e0479fc5",
                    "passes": 0,
                    "fails": 15000,
                    "name": "204 No Content"
                },
                "400 Bad Request": {
                    "name": "400 Bad Request",
                    "path": "::400 Bad Request",
                    "id": "eeae81934b9b58bccaf0184a6d070338",
                    "passes": 0,
                    "fails": 15000
                },
                "401 Unauthorized": {
                    "path": "::401 Unauthorized",
                    "id": "6ae9254e6aefe7f0bafe5102fa7e20a5",
                    "passes": 0,
                    "fails": 15000,
                    "name": "401 Unauthorized"
                },
                "403 Forbidden": {
                    "name": "403 Forbidden",
                    "path": "::403 Forbidden",
                    "id": "655548b761742c5a7ad15aa7df3a5d9c",
                    "passes": 0,
                    "fails": 15000
                },
                "404 Not Found": {
                    "name": "404 Not Found",
                    "path": "::404 Not Found",
                    "id": "df1528f9925ca236bac51008f77b774a",
                    "passes": 0,
                    "fails": 15000
                },
                "422 Unprocessable Content": {
                    "name": "422 Unprocessable Content",
                    "path": "::422 Unprocessable Content",
                    "id": "d94c37ab64a32602add978a71bd22822",
                    "passes": 0,
                    "fails": 15000
                },
                "429 Too Many Requests": {
                    "path": "::429 Too Many Requests",
                    "id": "b810c35b9499cc7342fd415032e3a6aa",
                    "passes": 0,
                    "fails": 15000,
                    "name": "429 Too Many Requests"
                },
                "500 Internal Server Error": {
                    "id": "3cd96245b24e869810efe46d533b0eef",
                    "passes": 0,
                    "fails": 15000,
                    "name": "500 Internal Server Error",
                    "path": "::500 Internal Server Error"
                },
                "502 Bad Gateway": {
                    "path": "::502 Bad Gateway",
                    "id": "712cb0ec189a11f31f0d6d0c0031b569",
                    "passes": 0,
                    "fails": 15000,
                    "name": "502 Bad Gateway"
                },
                "503 Service Unavailable": {
                    "fails": 15000,
                    "name": "503 Service Unavailable",
                    "path": "::503 Service Unavailable",
                    "id": "f1ea1a22be0dc738c385523a66ea1cd9",
                    "passes": 0
                },
                "504 Gateway Timeout": {
                    "name": "504 Gateway Timeout",
                    "path": "::504 Gateway Timeout",
                    "id": "218efb729cb654723ccd57c6ebbebe29",
                    "passes": 0,
                    "fails": 15000
                }
            }
    }
}