{
    "metrics": {
        "vus_max": {
            "value": 5000,
            "min": 1211,
            "max": 5000
        },
        "http_req_sending": {
            "avg": 0.28078063999999947,
            "min": 0,
            "med": 0,
            "max": 20.0037,
            "p(90)": 1.0003,
            "p(95)": 1.0019
        },
        "data_received": {
            "count": 31830071,
            "rate": 7461596.1900982605
        },
        "http_req_receiving": {
            "p(90)": 2.4236000000000075,
            "p(95)": 3.0028,
            "avg": 1.0933466400000065,
            "min": 0,
            "med": 0.9978,
            "max": 32.0014
        },
        "http_req_failed": {
            "passes": 0,
            "fails": 5000,
            "value": 0
        },
        "http_req_blocked": {
            "p(95)": 867.5808,
            "avg": 790.7815983800006,
            "min": 232.0004,
            "med": 810.5863,
            "max": 3075.0832,
            "p(90)": 859.58142
        },
        "iterations": {
            "count": 5000,
            "rate": 1172.098577803716
        },
        "http_reqs": {
            "count": 5000,
            "rate": 1172.098577803716
        },
        "http_req_tls_handshaking": {
            "avg": 450.9211586600004,
            "min": 33.9976,
            "med": 465.0578,
            "max": 788.5817,
            "p(90)": 518.053,
            "p(95)": 522.0560250000001
        },
        "checks": {
            "passes": 5000,
            "fails": 60000,
            "value": 0.07692307692307693
        },
        "http_req_connecting": {
            "med": 345.5249,
            "max": 3038.5323,
            "p(90)": 364.52822000000003,
            "p(95)": 370.528515,
            "avg": 339.1865539400005,
            "min": 21.0007
        },
        "data_sent": {
            "count": 3780000,
            "rate": 886106.5248196092
        },
        "vus": {
            "value": 1,
            "min": 0,
            "max": 5000
        },
        "http_req_duration{expected_response:true}": {
            "p(95)": 847.9405399999999,
            "avg": 638.3438571599997,
            "min": 78.9929,
            "med": 632.52565,
            "max": 963.655,
            "p(90)": 821.9424
        },
        "http_req_waiting": {
            "avg": 636.9697298800006,
            "min": 78.4368,
            "med": 630.6812,
            "max": 962.6487,
            "p(90)": 821.52453,
            "p(95)": 846.469215
        },
        "iteration_duration": {
            "avg": 2429.9067082199886,
            "min": 1567.5525,
            "med": 2456.7819,
            "max": 4153.9801,
            "p(90)": 2671.25048,
            "p(95)": 2693.03522
        },
        "http_req_duration": {
            "avg": 638.3438571599997,
            "min": 78.9929,
            "med": 632.52565,
            "max": 963.655,
            "p(90)": 821.9424,
            "p(95)": 847.9405399999999
        }
    },
    "root_group": {
        "name": "",
        "path": "",
        "id": "d41d8cd98f00b204e9800998ecf8427e",
        "groups": {},
        "checks": {
                "200 OK": {
                    "path": "::200 OK",
                    "id": "e9654c443eff553da9e69eda7007924e",
                    "passes": 5000,
                    "fails": 0,
                    "name": "200 OK"
                },
                "201 Created": {
                    "name": "201 Created",
                    "path": "::201 Created",
                    "id": "728dcd977aae263ca314731145e1d447",
                    "passes": 0,
                    "fails": 5000
                },
                "204 No Content": {
                    "path": "::204 No Content",
                    "id": "54fa3c2eda34e1622fda2da5e0479fc5",
                    "passes": 0,
                    "fails": 5000,
                    "name": "204 No Content"
                },
                "400 Bad Request": {
                    "fails": 5000,
                    "name": "400 Bad Request",
                    "path": "::400 Bad Request",
                    "id": "eeae81934b9b58bccaf0184a6d070338",
                    "passes": 0
                },
                "401 Unauthorized": {
                    "name": "401 Unauthorized",
                    "path": "::401 Unauthorized",
                    "id": "6ae9254e6aefe7f0bafe5102fa7e20a5",
                    "passes": 0,
                    "fails": 5000
                },
                "403 Forbidden": {
                    "id": "655548b761742c5a7ad15aa7df3a5d9c",
                    "passes": 0,
                    "fails": 5000,
                    "name": "403 Forbidden",
                    "path": "::403 Forbidden"
                },
                "404 Not Found": {
                    "name": "404 Not Found",
                    "path": "::404 Not Found",
                    "id": "df1528f9925ca236bac51008f77b774a",
                    "passes": 0,
                    "fails": 5000
                },
                "422 Unprocessable Content": {
                    "passes": 0,
                    "fails": 5000,
                    "name": "422 Unprocessable Content",
                    "path": "::422 Unprocessable Content",
                    "id": "d94c37ab64a32602add978a71bd22822"
                },
                "429 Too Many Requests": {
                    "passes": 0,
                    "fails": 5000,
                    "name": "429 Too Many Requests",
                    "path": "::429 Too Many Requests",
                    "id": "b810c35b9499cc7342fd415032e3a6aa"
                },
                "500 Internal Server Error": {
                    "fails": 5000,
                    "name": "500 Internal Server Error",
                    "path": "::500 Internal Server Error",
                    "id": "3cd96245b24e869810efe46d533b0eef",
                    "passes": 0
                },
                "502 Bad Gateway": {
                    "passes": 0,
                    "fails": 5000,
                    "name": "502 Bad Gateway",
                    "path": "::502 Bad Gateway",
                    "id": "712cb0ec189a11f31f0d6d0c0031b569"
                },
                "503 Service Unavailable": {
                    "name": "503 Service Unavailable",
                    "path": "::503 Service Unavailable",
                    "id": "f1ea1a22be0dc738c385523a66ea1cd9",
                    "passes": 0,
                    "fails": 5000
                },
                "504 Gateway Timeout": {
                    "name": "504 Gateway Timeout",
                    "path": "::504 Gateway Timeout",
                    "id": "218efb729cb654723ccd57c6ebbebe29",
                    "passes": 0,
                    "fails": 5000
                }
            }
    }
}