{
    "metrics": {
        "http_req_sending": {
            "min": 0,
            "med": 0,
            "max": 12.0026,
            "p(90)": 0.564,
            "p(95)": 0.5891400000000001,
            "avg": 0.16403138000000023
        },
        "data_sent": {
            "rate": 462035.86544164777,
            "count": 2750000
        },
        "iteration_duration": {
            "max": 5929.9234,
            "p(90)": 5509.5423,
            "p(95)": 5560.04284,
            "avg": 5258.817382379974,
            "min": 4211.9793,
            "med": 5453.60415
        },
        "data_received": {
            "count": 37757559,
            "rate": 6343762.345283301
        },
        "iterations": {
            "count": 5000,
            "rate": 840.065209893905
        },
        "checks": {
            "passes": 5000,
            "fails": 60000,
            "value": 0.07692307692307693
        },
        "http_req_waiting": {
            "max": 4042.1745,
            "p(90)": 3737.9394500000003,
            "p(95)": 3970.500625,
            "avg": 2616.6871033400025,
            "min": 857.069,
            "med": 2672.5960999999998
        },
        "http_req_duration{expected_response:true}": {
            "max": 4043.6906,
            "p(90)": 3738.0340100000003,
            "p(95)": 3971.1000750000003,
            "avg": 2617.0717784599988,
            "min": 857.1,
            "med": 2672.7689499999997
        },
        "vus_max": {
            "value": 5000,
            "min": 3666,
            "max": 5000
        },
        "http_req_blocked": {
            "avg": 1641.0190851599998,
            "min": 391.5941,
            "med": 1606.2615,
            "max": 3845.492,
            "p(90)": 2795.79201,
            "p(95)": 3061.029695
        },
        "http_req_tls_handshaking": {
            "p(95)": 2879.787435,
            "avg": 1396.0959216399976,
            "min": 73.5977,
            "med": 1335.26125,
            "max": 3527.4893,
            "p(90)": 2684.0887700000003
        },
        "http_reqs": {
            "count": 5000,
            "rate": 840.065209893905
        },
        "http_req_failed": {
            "passes": 0,
            "fails": 5000,
            "value": 0
        },
        "http_req_connecting": {
            "max": 408.599,
            "p(90)": 370.60279,
            "p(95)": 392.6011,
            "avg": 243.70172424000032,
            "min": 1.9956,
            "med": 239.60115000000002
        },
        "http_req_duration": {
            "p(90)": 3738.0340100000003,
            "p(95)": 3971.1000750000003,
            "avg": 2617.0717784599988,
            "min": 857.1,
            "med": 2672.7689499999997,
            "max": 4043.6906
        },
        "http_req_receiving": {
            "med": 0,
            "max": 12.0013,
            "p(90)": 0.9926900000000004,
            "p(95)": 1.0051300000000003,
            "avg": 0.22064374000000012,
            "min": 0
        },
        "vus": {
            "value": 2731,
            "min": 0,
            "max": 5000
        }
    },
    "root_group": {
        "name": "",
        "path": "",
        "id": "d41d8cd98f00b204e9800998ecf8427e",
        "groups": {},
        "checks": {
                "200 OK": {
                    "fails": 0,
                    "name": "200 OK",
                    "path": "::200 OK",
                    "id": "e9654c443eff553da9e69eda7007924e",
                    "passes": 5000
                },
                "201 Created": {
                    "name": "201 Created",
                    "path": "::201 Created",
                    "id": "728dcd977aae263ca314731145e1d447",
                    "passes": 0,
                    "fails": 5000
                },
                "204 No Content": {
                    "name": "204 No Content",
                    "path": "::204 No Content",
                    "id": "54fa3c2eda34e1622fda2da5e0479fc5",
                    "passes": 0,
                    "fails": 5000
                },
                "400 Bad Request": {
                    "name": "400 Bad Request",
                    "path": "::400 Bad Request",
                    "id": "eeae81934b9b58bccaf0184a6d070338",
                    "passes": 0,
                    "fails": 5000
                },
                "401 Unauthorized": {
                    "name": "401 Unauthorized",
                    "path": "::401 Unauthorized",
                    "id": "6ae9254e6aefe7f0bafe5102fa7e20a5",
                    "passes": 0,
                    "fails": 5000
                },
                "403 Forbidden": {
                    "name": "403 Forbidden",
                    "path": "::403 Forbidden",
                    "id": "655548b761742c5a7ad15aa7df3a5d9c",
                    "passes": 0,
                    "fails": 5000
                },
                "404 Not Found": {
                    "path": "::404 Not Found",
                    "id": "df1528f9925ca236bac51008f77b774a",
                    "passes": 0,
                    "fails": 5000,
                    "name": "404 Not Found"
                },
                "422 Unprocessable Content": {
                    "name": "422 Unprocessable Content",
                    "path": "::422 Unprocessable Content",
                    "id": "d94c37ab64a32602add978a71bd22822",
                    "passes": 0,
                    "fails": 5000
                },
                "429 Too Many Requests": {
                    "name": "429 Too Many Requests",
                    "path": "::429 Too Many Requests",
                    "id": "b810c35b9499cc7342fd415032e3a6aa",
                    "passes": 0,
                    "fails": 5000
                },
                "500 Internal Server Error": {
                    "fails": 5000,
                    "name": "500 Internal Server Error",
                    "path": "::500 Internal Server Error",
                    "id": "3cd96245b24e869810efe46d533b0eef",
                    "passes": 0
                },
                "502 Bad Gateway": {
                    "name": "502 Bad Gateway",
                    "path": "::502 Bad Gateway",
                    "id": "712cb0ec189a11f31f0d6d0c0031b569",
                    "passes": 0,
                    "fails": 5000
                },
                "503 Service Unavailable": {
                    "fails": 5000,
                    "name": "503 Service Unavailable",
                    "path": "::503 Service Unavailable",
                    "id": "f1ea1a22be0dc738c385523a66ea1cd9",
                    "passes": 0
                },
                "504 Gateway Timeout": {
                    "path": "::504 Gateway Timeout",
                    "id": "218efb729cb654723ccd57c6ebbebe29",
                    "passes": 0,
                    "fails": 5000,
                    "name": "504 Gateway Timeout"
                }
            }
    }
}