{
    "metrics": {
        "data_sent": {
            "rate": 195370.75903733168,
            "count": 289500
        },
        "checks": {
            "passes": 500,
            "fails": 6000,
            "value": 0.07692307692307693
        },
        "http_req_connecting": {
            "avg": 19.87678320000002,
            "min": 1.9993,
            "med": 22.53685,
            "max": 32.9967,
            "p(90)": 29.000719999999998,
            "p(95)": 29.999305000000003
        },
        "vus_max": {
            "value": 500,
            "min": 500,
            "max": 500
        },
        "data_received": {
            "count": 3918421,
            "rate": 2644369.205519241
        },
        "http_req_duration": {
            "max": 410.4098,
            "p(90)": 360.88015,
            "p(95)": 391.27606999999995,
            "avg": 233.5076972000001,
            "min": 69.3429,
            "med": 232.77370000000002
        },
        "vus": {
            "value": 500,
            "min": 500,
            "max": 500
        },
        "http_req_failed": {
            "passes": 0,
            "fails": 500,
            "value": 0
        },
        "iterations": {
            "count": 500,
            "rate": 337.42790852734316
        },
        "http_req_waiting": {
            "avg": 233.26962280000004,
            "min": 68.8067,
            "med": 232.77370000000002,
            "max": 410.2958,
            "p(90)": 360.87265,
            "p(95)": 390.2895599999999
        },
        "http_reqs": {
            "count": 500,
            "rate": 337.42790852734316
        },
        "iteration_duration": {
            "avg": 1405.5402643999978,
            "min": 1326.9848,
            "med": 1421.6835,
            "max": 1465.7678,
            "p(90)": 1458.5800000000002,
            "p(95)": 1461.4567
        },
        "http_req_duration{expected_response:true}": {
            "avg": 233.5076972000001,
            "min": 69.3429,
            "med": 232.77370000000002,
            "max": 410.4098,
            "p(90)": 360.88015,
            "p(95)": 391.27606999999995
        },
        "http_req_tls_handshaking": {
            "max": 348.7748,
            "p(90)": 248.53237000000001,
            "p(95)": 309.0324849999999,
            "avg": 151.07880219999987,
            "min": 28.5452,
            "med": 143.2194
        },
        "http_req_sending": {
            "p(90)": 0.56674,
            "p(95)": 0.9986050000000001,
            "avg": 0.13636499999999996,
            "min": 0,
            "med": 0,
            "max": 3.8259
        },
        "http_req_blocked": {
            "avg": 171.34245420000005,
            "min": 44.0011,
            "med": 172.20315,
            "max": 355.309,
            "p(90)": 256.74341,
            "p(95)": 312.3260749999998
        },
        "http_req_receiving": {
            "p(90)": 0.52109,
            "p(95)": 0.6014,
            "avg": 0.10170940000000003,
            "min": 0,
            "med": 0,
            "max": 1.9861
        }
    },
    "root_group": {
        "name": "",
        "path": "",
        "id": "d41d8cd98f00b204e9800998ecf8427e",
        "groups": {},
        "checks": {
                "200 OK": {
                    "name": "200 OK",
                    "path": "::200 OK",
                    "id": "e9654c443eff553da9e69eda7007924e",
                    "passes": 500,
                    "fails": 0
                },
                "201 Created": {
                    "name": "201 Created",
                    "path": "::201 Created",
                    "id": "728dcd977aae263ca314731145e1d447",
                    "passes": 0,
                    "fails": 500
                },
                "204 No Content": {
                    "name": "204 No Content",
                    "path": "::204 No Content",
                    "id": "54fa3c2eda34e1622fda2da5e0479fc5",
                    "passes": 0,
                    "fails": 500
                },
                "400 Bad Request": {
                    "fails": 500,
                    "name": "400 Bad Request",
                    "path": "::400 Bad Request",
                    "id": "eeae81934b9b58bccaf0184a6d070338",
                    "passes": 0
                },
                "401 Unauthorized": {
                    "name": "401 Unauthorized",
                    "path": "::401 Unauthorized",
                    "id": "6ae9254e6aefe7f0bafe5102fa7e20a5",
                    "passes": 0,
                    "fails": 500
                },
                "403 Forbidden": {
                    "path": "::403 Forbidden",
                    "id": "655548b761742c5a7ad15aa7df3a5d9c",
                    "passes": 0,
                    "fails": 500,
                    "name": "403 Forbidden"
                },
                "404 Not Found": {
                    "name": "404 Not Found",
                    "path": "::404 Not Found",
                    "id": "df1528f9925ca236bac51008f77b774a",
                    "passes": 0,
                    "fails": 500
                },
                "422 Unprocessable Content": {
                    "id": "d94c37ab64a32602add978a71bd22822",
                    "passes": 0,
                    "fails": 500,
                    "name": "422 Unprocessable Content",
                    "path": "::422 Unprocessable Content"
                },
                "429 Too Many Requests": {
                    "id": "b810c35b9499cc7342fd415032e3a6aa",
                    "passes": 0,
                    "fails": 500,
                    "name": "429 Too Many Requests",
                    "path": "::429 Too Many Requests"
                },
                "500 Internal Server Error": {
                    "passes": 0,
                    "fails": 500,
                    "name": "500 Internal Server Error",
                    "path": "::500 Internal Server Error",
                    "id": "3cd96245b24e869810efe46d533b0eef"
                },
                "502 Bad Gateway": {
                    "passes": 0,
                    "fails": 500,
                    "name": "502 Bad Gateway",
                    "path": "::502 Bad Gateway",
                    "id": "712cb0ec189a11f31f0d6d0c0031b569"
                },
                "503 Service Unavailable": {
                    "name": "503 Service Unavailable",
                    "path": "::503 Service Unavailable",
                    "id": "f1ea1a22be0dc738c385523a66ea1cd9",
                    "passes": 0,
                    "fails": 500
                },
                "504 Gateway Timeout": {
                    "name": "504 Gateway Timeout",
                    "path": "::504 Gateway Timeout",
                    "id": "218efb729cb654723ccd57c6ebbebe29",
                    "passes": 0,
                    "fails": 500
                }
            }
    }
}