{
    "metrics": {
        "iterations": {
            "count": 7500,
            "rate": 904.3173630163571
        },
        "http_reqs": {
            "count": 7500,
            "rate": 904.3173630163571
        },
        "http_req_blocked": {
            "avg": 2483.9039671599985,
            "min": 0,
            "med": 2415.5769499999997,
            "max": 5608.5225,
            "p(90)": 4122.0769900000005,
            "p(95)": 4785.559289999999
        },
        "vus_max": {
            "value": 7500,
            "min": 3439,
            "max": 7500
        },
        "data_received": {
            "count": 57679277,
            "rate": 6954716.223644002
        },
        "http_req_failed": {
            "passes": 140,
            "fails": 7360,
            "value": 0.018666666666666668
        },
        "http_req_sending": {
            "avg": 0.24128469333333288,
            "min": 0,
            "med": 0,
            "max": 34.4719,
            "p(90)": 0.6086500000000002,
            "p(95)": 1.0001
        },
        "checks": {
            "passes": 7360,
            "fails": 90140,
            "value": 0.07548717948717949
        },
        "http_req_receiving": {
            "max": 35.9968,
            "p(90)": 2.0055,
            "p(95)": 3.99731,
            "avg": 0.9987253466666683,
            "min": 0,
            "med": 0
        },
        "http_req_tls_handshaking": {
            "p(95)": 4432.871599999999,
            "avg": 2067.482568706665,
            "min": 0,
            "med": 1974.688,
            "max": 5265.9857,
            "p(90)": 3764.41931
        },
        "http_req_waiting": {
            "med": 3761.6248,
            "max": 6207.9491,
            "p(90)": 5546.35675,
            "p(95)": 5945.30978,
            "avg": 3701.673779479999,
            "min": 0
        },
        "http_req_duration{expected_response:true}": {
            "p(95)": 5953.651215,
            "avg": 3773.3496496467374,
            "min": 393.5174,
            "med": 3803.5876500000004,
            "max": 6207.9491,
            "p(90)": 5561.66383
        },
        "vus": {
            "min": 0,
            "max": 7500,
            "value": 3979
        },
        "http_req_duration": {
            "min": 0,
            "med": 3762.3635999999997,
            "max": 6207.9491,
            "p(90)": 5547.178580000001,
            "p(95)": 5946.277624999998,
            "avg": 3702.9137895199983
        },
        "http_req_connecting": {
            "max": 553.4481,
            "p(90)": 508.92295,
            "p(95)": 546.5048399999993,
            "avg": 421.99260744000276,
            "min": 16.9964,
            "med": 422.3856
        },
        "data_sent": {
            "count": 4261440,
            "rate": 513825.89112698997
        },
        "iteration_duration": {
            "p(90)": 7870.66492,
            "p(95)": 7915.212995,
            "avg": 7201.764797546684,
            "min": 1337.9455,
            "med": 7683.03335,
            "max": 8044.8913
        }
    },
    "root_group": {
        "name": "",
        "path": "",
        "id": "d41d8cd98f00b204e9800998ecf8427e",
        "groups": {},
        "checks": {
                "200 OK": {
                    "path": "::200 OK",
                    "id": "e9654c443eff553da9e69eda7007924e",
                    "passes": 7360,
                    "fails": 140,
                    "name": "200 OK"
                },
                "201 Created": {
                    "path": "::201 Created",
                    "id": "728dcd977aae263ca314731145e1d447",
                    "passes": 0,
                    "fails": 7500,
                    "name": "201 Created"
                },
                "204 No Content": {
                    "passes": 0,
                    "fails": 7500,
                    "name": "204 No Content",
                    "path": "::204 No Content",
                    "id": "54fa3c2eda34e1622fda2da5e0479fc5"
                },
                "400 Bad Request": {
                    "name": "400 Bad Request",
                    "path": "::400 Bad Request",
                    "id": "eeae81934b9b58bccaf0184a6d070338",
                    "passes": 0,
                    "fails": 7500
                },
                "401 Unauthorized": {
                    "name": "401 Unauthorized",
                    "path": "::401 Unauthorized",
                    "id": "6ae9254e6aefe7f0bafe5102fa7e20a5",
                    "passes": 0,
                    "fails": 7500
                },
                "403 Forbidden": {
                    "id": "655548b761742c5a7ad15aa7df3a5d9c",
                    "passes": 0,
                    "fails": 7500,
                    "name": "403 Forbidden",
                    "path": "::403 Forbidden"
                },
                "404 Not Found": {
                    "id": "df1528f9925ca236bac51008f77b774a",
                    "passes": 0,
                    "fails": 7500,
                    "name": "404 Not Found",
                    "path": "::404 Not Found"
                },
                "422 Unprocessable Content": {
                    "name": "422 Unprocessable Content",
                    "path": "::422 Unprocessable Content",
                    "id": "d94c37ab64a32602add978a71bd22822",
                    "passes": 0,
                    "fails": 7500
                },
                "429 Too Many Requests": {
                    "id": "b810c35b9499cc7342fd415032e3a6aa",
                    "passes": 0,
                    "fails": 7500,
                    "name": "429 Too Many Requests",
                    "path": "::429 Too Many Requests"
                },
                "500 Internal Server Error": {
                    "name": "500 Internal Server Error",
                    "path": "::500 Internal Server Error",
                    "id": "3cd96245b24e869810efe46d533b0eef",
                    "passes": 0,
                    "fails": 7500
                },
                "502 Bad Gateway": {
                    "path": "::502 Bad Gateway",
                    "id": "712cb0ec189a11f31f0d6d0c0031b569",
                    "passes": 0,
                    "fails": 7500,
                    "name": "502 Bad Gateway"
                },
                "503 Service Unavailable": {
                    "fails": 7500,
                    "name": "503 Service Unavailable",
                    "path": "::503 Service Unavailable",
                    "id": "f1ea1a22be0dc738c385523a66ea1cd9",
                    "passes": 0
                },
                "504 Gateway Timeout": {
                    "id": "218efb729cb654723ccd57c6ebbebe29",
                    "passes": 0,
                    "fails": 7500,
                    "name": "504 Gateway Timeout",
                    "path": "::504 Gateway Timeout"
                }
            }
    }
}