{
    "metrics": {
        "http_req_duration": {
            "p(95)": 12015.100915,
            "avg": 6224.509511349995,
            "min": 104.0172,
            "med": 5222.0576,
            "max": 12822.7536,
            "p(90)": 11679.66423
        },
        "http_req_receiving": {
            "avg": 0.591384525,
            "min": 0,
            "med": 0,
            "max": 33.9301,
            "p(90)": 1.00001,
            "p(95)": 2.00111
        },
        "http_req_connecting": {
            "p(90)": 404.3607,
            "p(95)": 406.362,
            "avg": 369.16094824999965,
            "min": 63.0071,
            "med": 378.8354,
            "max": 499.4102
        },
        "checks": {
            "passes": 4000,
            "fails": 48000,
            "value": 0.07692307692307693
        },
        "iterations": {
            "count": 4000,
            "rate": 274.48507200927156
        },
        "http_reqs": {
            "count": 4000,
            "rate": 274.48507200927156
        },
        "http_req_tls_handshaking": {
            "max": 874.3161,
            "p(90)": 648.4348,
            "p(95)": 764.5281949999999,
            "avg": 410.2861348999995,
            "min": 103.998,
            "med": 363.58235
        },
        "vus": {
            "max": 4000,
            "value": 151,
            "min": 151
        },
        "http_req_sending": {
            "p(95)": 1.0009,
            "avg": 0.19435772499999984,
            "min": 0,
            "med": 0,
            "max": 9.0029,
            "p(90)": 0.9995
        },
        "data_received": {
            "count": 34470594,
            "rate": 2365415.869073091
        },
        "iteration_duration": {
            "med": 7041.1106500000005,
            "max": 14507.0755,
            "p(90)": 13537.35026,
            "p(95)": 13833.653835,
            "avg": 8018.1611242749905,
            "min": 1716.9321
        },
        "http_req_failed": {
            "passes": 513,
            "fails": 3487,
            "value": 0.12825
        },
        "http_req_blocked": {
            "p(90)": 1028.75233,
            "p(95)": 1126.5368349999999,
            "avg": 781.1727412500001,
            "min": 310.5791,
            "med": 762.4728,
            "max": 1226.7691
        },
        "http_req_duration{expected_response:true}": {
            "p(90)": 11754.80298,
            "p(95)": 12061.560269999998,
            "avg": 6412.390129022074,
            "min": 104.0172,
            "med": 5304.2563,
            "max": 12822.7536
        },
        "data_sent": {
            "count": 2872000,
            "rate": 197080.281702657
        },
        "vus_max": {
            "value": 4000,
            "min": 4000,
            "max": 4000
        },
        "http_req_waiting": {
            "avg": 6223.723769099993,
            "min": 102.0172,
            "med": 5221.156800000001,
            "max": 12822.7536,
            "p(90)": 11679.66423,
            "p(95)": 12014.706995
        }
    },
    "root_group": {
        "groups": {},
        "checks": {
                "200 OK": {
                    "name": "200 OK",
                    "path": "::200 OK",
                    "id": "e9654c443eff553da9e69eda7007924e",
                    "passes": 3487,
                    "fails": 513
                },
                "201 Created": {
                    "passes": 0,
                    "fails": 4000,
                    "name": "201 Created",
                    "path": "::201 Created",
                    "id": "728dcd977aae263ca314731145e1d447"
                },
                "204 No Content": {
                    "fails": 4000,
                    "name": "204 No Content",
                    "path": "::204 No Content",
                    "id": "54fa3c2eda34e1622fda2da5e0479fc5",
                    "passes": 0
                },
                "400 Bad Request": {
                    "name": "400 Bad Request",
                    "path": "::400 Bad Request",
                    "id": "eeae81934b9b58bccaf0184a6d070338",
                    "passes": 0,
                    "fails": 4000
                },
                "401 Unauthorized": {
                    "fails": 4000,
                    "name": "401 Unauthorized",
                    "path": "::401 Unauthorized",
                    "id": "6ae9254e6aefe7f0bafe5102fa7e20a5",
                    "passes": 0
                },
                "403 Forbidden": {
                    "name": "403 Forbidden",
                    "path": "::403 Forbidden",
                    "id": "655548b761742c5a7ad15aa7df3a5d9c",
                    "passes": 0,
                    "fails": 4000
                },
                "404 Not Found": {
                    "name": "404 Not Found",
                    "path": "::404 Not Found",
                    "id": "df1528f9925ca236bac51008f77b774a",
                    "passes": 0,
                    "fails": 4000
                },
                "422 Unprocessable Content": {
                    "fails": 4000,
                    "name": "422 Unprocessable Content",
                    "path": "::422 Unprocessable Content",
                    "id": "d94c37ab64a32602add978a71bd22822",
                    "passes": 0
                },
                "429 Too Many Requests": {
                    "name": "429 Too Many Requests",
                    "path": "::429 Too Many Requests",
                    "id": "b810c35b9499cc7342fd415032e3a6aa",
                    "passes": 0,
                    "fails": 4000
                },
                "500 Internal Server Error": {
                    "path": "::500 Internal Server Error",
                    "id": "3cd96245b24e869810efe46d533b0eef",
                    "passes": 513,
                    "fails": 3487,
                    "name": "500 Internal Server Error"
                },
                "502 Bad Gateway": {
                    "name": "502 Bad Gateway",
                    "path": "::502 Bad Gateway",
                    "id": "712cb0ec189a11f31f0d6d0c0031b569",
                    "passes": 0,
                    "fails": 4000
                },
                "503 Service Unavailable": {
                    "passes": 0,
                    "fails": 4000,
                    "name": "503 Service Unavailable",
                    "path": "::503 Service Unavailable",
                    "id": "f1ea1a22be0dc738c385523a66ea1cd9"
                },
                "504 Gateway Timeout": {
                    "passes": 0,
                    "fails": 4000,
                    "name": "504 Gateway Timeout",
                    "path": "::504 Gateway Timeout",
                    "id": "218efb729cb654723ccd57c6ebbebe29"
                }
            },
        "name": "",
        "path": "",
        "id": "d41d8cd98f00b204e9800998ecf8427e"
    }
}